_id,id,name,start_duration,end_duration,start_registration,end_registration,credits_count,activity_type,location,location_kotakab_code,participants_count,mitra_id,certified,logo,mitra_name,published_time
6659488a8dba1a49d4465885,b21c4048-e119-11ee-b49f-a62bf3a0bd70,FULL-STACK WEB DEVELOPMENT,2024-08-06,2024-12-20,2024-04-16,2024-06-10,20,ONLINE,Kota Jakarta Selatan,016300,0,63d7dd17-1209-4db0-92cd-fc64c05f9747,true,https://storage.googleapis.com/kampusmerdeka_kemdikbud_go_id/mitra/mitra_7558cafd-664b-4b06-bbd9-729af2204b72.png,Skilvul,2024-05-30T10:00:00Z
6659488a8dba1a49d4465886,25638438-e11a-11ee-b49f-a62bf3a0bd70,UI/UX DESIGN,2024-08-06,2024-12-20,2024-04-16,2024-06-10,20,ONLINE,Kota Jakarta Selatan,016300,0,63d7dd17-1209-4db0-92cd-fc64c05f9747,true,https://storage.googleapis.com/kampusmerdeka_kemdikbud_go_id/mitra/mitra_7558cafd-664b-4b06-bbd9-729af2204b72.png,Skilvul,2024-05-30T10:00:00Z
6659488a8dba1a49d4465887,cf62bbef-fb0f-11ee-b227-5a5e7a11ce1c,UI/UX Design,2024-08-06,2024-12-20,2024-05-13,2024-06-10,20,ONLINE,Kota Jakarta Selatan,016300,0,50753d41-eeea-4008-b9d1-b1b09bfbc395,true,https://storage.googleapis.com/kampusmerdeka_kemdikbud_go_id/mitra/mitra_480251d9-1592-4553-9edb-f7b22b8efd44.png,Hacktiv8,2024-05-29T17:37:00Z
6659488a8dba1a49d4465888,4a65fd72-fb11-11ee-b227-5a5e7a11ce1c,Node JS For Back End Web Developer,2024-08-06,2024-12-20,2024-05-13,2024-06-10,20,ONLINE,Kota Jakarta Selatan,016300,0,50753d41-eeea-4008-b9d1-b1b09bfbc395,true,https://storage.googleapis.com/kampusmerdeka_kemdikbud_go_id/mitra/mitra_480251d9-1592-4553-9edb-f7b22b8efd44.png,Hacktiv8,2024-05-29T17:37:00Z
6659488a8dba1a49d4465889,23950138-fb0f-11ee-b227-5a5e7a11ce1c,Python For Data Science,2024-08-06,2024-12-20,2024-05-13,2024-06-10,20,ONLINE,Kota Jakarta Selatan,016300,0,50753d41-eeea-4008-b9d1-b1b09bfbc395,true,https://storage.googleapis.com/kampusmerdeka_kemdikbud_go_id/mitra/mitra_480251d9-1592-4553-9edb-f7b22b8efd44.png,Hacktiv8,2024-05-29T17:37:00Z
6659488a8dba1a49d446588a,744fe938-fb13-11ee-b227-5a5e7a11ce1c,Generative AI & Machine Learning - IBM SkillsBuild Certification,2024-08-06,2024-12-20,2024-05-13,2024-06-10,20,ONLINE,Kota Jakarta Selatan,016300,0,50753d41-eeea-4008-b9d1-b1b09bfbc395,true,https://storage.googleapis.com/kampusmerdeka_kemdikbud_go_id/mitra/mitra_480251d9-1592-4553-9edb-f7b22b8efd44.png,Hacktiv8,2024-05-29T17:37:00Z
6659488a8dba1a49d446588b,bb04ff2c-faf6-11ee-b227-5a5e7a11ce1c,Web Developer Program,2024-08-06,2024-12-20,2024-05-13,2024-06-10,20,ONLINE,Kota Jakarta Selatan,016300,0,50753d41-eeea-4008-b9d1-b1b09bfbc395,true,https://storage.googleapis.com/kampusmerdeka_kemdikbud_go_id/mitra/mitra_480251d9-1592-4553-9edb-f7b22b8efd44.png,Hacktiv8,2024-05-29T17:37:00Z
6659488a8dba1a49d446588c,c351886c-fb0d-11ee-b227-5a5e7a11ce1c,ReactJS For Front End Website Developer,2024-08-06,2024-12-20,2024-05-13,2024-06-10,20,ONLINE,Kota Jakarta Selatan,016300,0,50753d41-eeea-4008-b9d1-b1b09bfbc395,true,https://storage.googleapis.com/kampusmerdeka_kemdikbud_go_id/mitra/mitra_480251d9-1592-4553-9edb-f7b22b8efd44.png,Hacktiv8,2024-05-29T17:37:00Z
6659488a8dba1a49d446588d,f6ae946a-fc9f-11ee-8f25-123aa03a4ccc,AWS CendekiAwan - Cloud Architecture,2024-08-06,2024-12-20,2024-04-16,2024-06-10,20,ONLINE,Kota Jakarta Selatan,016300,0,bdf7bbe4-601c-41f3-91f5-3d01734e0eed,true,https://storage.googleapis.com/kampusmerdeka_kemdikbud_go_id/mitra/mitra_74ef617f-5adb-45cb-965c-6dd3ae5647c1.png,TIMCorp-Academy,2024-05-29T10:49:00Z
6659488a8dba1a49d446588e,0ba67285-fcba-11ee-8f25-123aa03a4ccc,AWS CendekiAwan - Cloud Data Analytics,2024-08-06,2024-12-20,2024-04-16,2024-06-10,20,ONLINE,Kota Jakarta Selatan,016300,0,bdf7bbe4-601c-41f3-91f5-3d01734e0eed,true,https://storage.googleapis.com/kampusmerdeka_kemdikbud_go_id/mitra/mitra_74ef617f-5adb-45cb-965c-6dd3ae5647c1.png,TIMCorp-Academy,2024-05-29T10:49:00Z
6659488a8dba1a49d446588f,2a88e4b6-eb2d-11ee-b227-5a5e7a11ce1c,Public Speaking Yang Menarik Dan Memukau Audensi,2024-08-06,2024-12-20,2024-05-13,2024-06-10,20,ONLINE,Kota Jakarta Timur,016400,0,1d6357c9-d231-41fa-9ee5-b2dd29be4f7c,true,https://storage.googleapis.com/kampusmerdeka_kemdikbud_go_id/mitra/mitra_d7be962d-61c9-4a1f-a850-438faf18bbc3.png,LPIA Vokasi Nusantara,2024-05-28T15:45:00Z
6659488a8dba1a49d4465890,a33875f8-f260-11ee-b227-5a5e7a11ce1c,Pengelolaan Batik Tulis Bagi Pengrajin Pemula,2024-08-06,2024-12-20,2024-05-13,2024-06-10,20,ONLINE,Kota Jakarta Timur,016400,0,1d6357c9-d231-41fa-9ee5-b2dd29be4f7c,true,https://storage.googleapis.com/kampusmerdeka_kemdikbud_go_id/mitra/mitra_d7be962d-61c9-4a1f-a850-438faf18bbc3.png,LPIA Vokasi Nusantara,2024-05-28T15:45:00Z
6659488a8dba1a49d4465891,ddc73262-fd55-11ee-a017-d2c25b016c0f,Pengembangan Aplikasi Berbasis Kebudayaan,2024-08-06,2024-11-08,2024-05-13,2024-06-03,20,BLENDED,Kab. Ngada,241000,0,771e52ff-03f1-4756-831d-dc8aff0144ab,true,https://storage.googleapis.com/kampusmerdeka_kemdikbud_go_id/mitra/mitra_287e3063-55d5-4fed-93c5-5ba67d68c7a4.jpg,"Kementerian Pendidikan, Kebudayaan, Riset, Dan, Teknologi",2024-05-28T08:00:00Z
6659488a8dba1a49d4465892,67e425c7-fd58-11ee-a017-d2c25b016c0f,Pengembangan Purwarupa Fisik Berbasis Kebudayaan,2024-08-06,2024-11-08,2024-05-13,2024-06-03,20,BLENDED,Kab. Ngada,241000,0,771e52ff-03f1-4756-831d-dc8aff0144ab,true,https://storage.googleapis.com/kampusmerdeka_kemdikbud_go_id/mitra/mitra_287e3063-55d5-4fed-93c5-5ba67d68c7a4.jpg,"Kementerian Pendidikan, Kebudayaan, Riset, Dan, Teknologi",2024-05-28T08:00:00Z
6659488a8dba1a49d4465893,b2d9c493-ef26-11ee-b227-5a5e7a11ce1c,#Bertaji By CADFEM Ansys - Computational Fluid Dynamics (CFD) Learning Track,2024-08-06,2024-12-20,2024-04-16,2024-06-10,20,ONLINE,Kota Jakarta Selatan,016300,0,40765b12-256b-4303-9335-6c6d438f367b,true,https://storage.googleapis.com/kampusmerdeka_kemdikbud_go_id/mitra/mitra_3d4a8a39-d26d-441c-92d5-b0ae068b93b1.png,ANSYS,2024-05-27T20:35:00Z
6659488a8dba1a49d4465894,f06ecfbc-e9b9-11ee-aa8a-1ecc27c8cd9a,#Bertaji By CADFEM Ansys - Finite Element Analysis (FEA) Learning Track,2024-08-06,2024-12-20,2024-04-16,2024-06-10,20,ONLINE,Kota Jakarta Selatan,016300,0,40765b12-256b-4303-9335-6c6d438f367b,true,https://storage.googleapis.com/kampusmerdeka_kemdikbud_go_id/mitra/mitra_3d4a8a39-d26d-441c-92d5-b0ae068b93b1.png,ANSYS,2024-05-27T20:35:00Z
6659488a8dba1a49d4465895,e564537e-e9b9-11ee-aa8a-1ecc27c8cd9a,BIM Digital Twins AR/VR - Arsitektur Engineering & Konstruksi,2024-08-06,2024-12-20,2024-04-16,2024-06-10,20,ONLINE,ONLINE,,0,779f840b-7c09-4d06-8c05-92fe65d67a9a,true,https://storage.googleapis.com/kampusmerdeka_kemdikbud_go_id/mitra/mitra_b147b734-f69f-41d6-9036-429d7d0d21fd.jpg,Neosia Training Center,2024-05-27T17:42:00Z
6659488a8dba1a49d4465896,f57cf305-e9e2-11ee-aa8a-1ecc27c8cd9a,"CAD/CAM/CAE - Permesinan, Desain Produk & Industri Manufaktur",2024-08-06,2024-12-20,2024-04-16,2024-06-10,20,ONLINE,ONLINE,,0,779f840b-7c09-4d06-8c05-92fe65d67a9a,true,https://storage.googleapis.com/kampusmerdeka_kemdikbud_go_id/mitra/mitra_b147b734-f69f-41d6-9036-429d7d0d21fd.jpg,Neosia Training Center,2024-05-27T17:42:00Z
6659488a8dba1a49d4465897,12d4e2f0-f32f-11ee-b227-5a5e7a11ce1c,Paralegal Society 5.0,2024-08-06,2024-12-20,2024-04-16,2024-06-10,20,ONLINE,Kota Jakarta Timur,016400,0,d7045778-a1f1-4f17-90a1-7665bac6a11f,true,https://storage.googleapis.com/kampusmerdeka_kemdikbud_go_id/mitra/mitra_ff26782e-d8db-4cda-b571-58632d3e3727.png,PT EM80 (Pendidikan Dan Pembangunan Karakter),2024-05-22T17:07:00Z
6659488a8dba1a49d4465898,49671471-fe26-11ee-be2b-2adfa1c73f2e,"STUDITHERMAL : Applied Data Management, Analysis, Modeling, And Machine Learning For Sustainable Geothermal Energy Development",2024-08-06,2024-12-20,2024-05-13,2024-06-10,20,ONLINE,Kota Jakarta Timur,016400,0,01d4582b-fcc3-453d-8702-57d36e78e8c5,true,https://storage.googleapis.com/kampusmerdeka_kemdikbud_go_id/mitra/mitra_20a67183-3b07-4d78-b6d4-e2f911a91979.png,AILIMA,2024-05-22T15:20:00Z
6659488a8dba1a49d4465899,77284d85-f33d-11ee-b227-5a5e7a11ce1c,DIGITAL PRODUCT MANAGEMENT - With AI Literacy & Global Certification,2024-08-06,2024-12-20,2024-05-13,2024-06-10,20,ONLINE,Kota Jakarta Selatan,,0,2f7c9cd0-ddbc-4ac6-a7ed-2bd6e59ba179,true,https://storage.googleapis.com/kampusmerdeka_kemdikbud_go_id/mitra/mitra_fbff7ef5-8921-4413-8cb9-aae561f730b3.png,Binar Academy,2024-05-21T19:00:00Z
6659488a8dba1a49d446589a,fd12c0f9-f3ee-11ee-b227-5a5e7a11ce1c,BACK END JAVASCRIPT - With AI Literacy & Global Certification,2024-08-06,2024-12-20,2024-05-13,2024-06-10,20,ONLINE,Kota Jakarta Selatan,016300,0,2f7c9cd0-ddbc-4ac6-a7ed-2bd6e59ba179,true,https://storage.googleapis.com/kampusmerdeka_kemdikbud_go_id/mitra/mitra_fbff7ef5-8921-4413-8cb9-aae561f730b3.png,Binar Academy,2024-05-21T19:00:00Z
6659488a8dba1a49d446589b,76cbfcc4-f3c2-11ee-b227-5a5e7a11ce1c,FRONT END JAVASCRIPT - With AI Literacy & Global Certification,2024-08-06,2024-12-20,2024-05-13,2024-06-10,20,ONLINE,Kota Jakarta Selatan,016300,0,2f7c9cd0-ddbc-4ac6-a7ed-2bd6e59ba179,true,https://storage.googleapis.com/kampusmerdeka_kemdikbud_go_id/mitra/mitra_fbff7ef5-8921-4413-8cb9-aae561f730b3.png,Binar Academy,2024-05-21T19:00:00Z
6659488a8dba1a49d446589c,d6c96018-f387-11ee-b227-5a5e7a11ce1c,UI/UX RESEARCH & DESIGN - With AI Literacy & Global Certification,2024-08-06,2024-12-20,2024-05-13,2024-06-10,20,ONLINE,Kota Jakarta Selatan,016300,0,2f7c9cd0-ddbc-4ac6-a7ed-2bd6e59ba179,true,https://storage.googleapis.com/kampusmerdeka_kemdikbud_go_id/mitra/mitra_fbff7ef5-8921-4413-8cb9-aae561f730b3.png,Binar Academy,2024-05-21T19:00:00Z
6659488a8dba1a49d446589d,151e89c3-fc76-11ee-8f25-123aa03a4ccc,SDG-Certified Leadership For Youth (Program Kepemimpinan SDG Untuk Pemuda) ,2024-08-06,2024-12-20,2024-05-13,2024-06-30,20,ONLINE,Kota Jakarta Pusat,016000,0,87cdc189-bdd9-4970-bf05-ad06dfc18b44,true,https://storage.googleapis.com/kampusmerdeka_kemdikbud_go_id/mitra/mitra_760ade49-a5c2-4e61-ad19-5f32036358cc.jpg,Aethra Learning Center,2024-05-21T19:00:00Z
6659488a8dba1a49d446589e,be9d7ac1-f394-11ee-b227-5a5e7a11ce1c,FULLSTACK WEB DEVELOPMENT - With AI Literacy & Global Certification,2024-08-06,2024-12-20,2024-05-13,2024-06-10,20,ONLINE,Kota Jakarta Selatan,016300,0,2f7c9cd0-ddbc-4ac6-a7ed-2bd6e59ba179,true,https://storage.googleapis.com/kampusmerdeka_kemdikbud_go_id/mitra/mitra_fbff7ef5-8921-4413-8cb9-aae561f730b3.png,Binar Academy,2024-05-21T19:00:00Z
6659488a8dba1a49d446589f,854068e4-faaf-11ee-b227-5a5e7a11ce1c,Sustainable Startup Related Climate Change,2024-08-06,2024-12-20,2024-05-13,2024-06-10,20,ONLINE,"Sulawesi, Maluku, Nusa Tenggara (Kawasan Wallacea)",,0,42ac6187-b5ea-4bce-bc8e-2199c53f9238,true,https://storage.googleapis.com/kampusmerdeka_kemdikbud_go_id/mitra/mitra_fb03cead-c945-4808-ab30-93b3688aebe8.jpg,AMATI Indonesia,2024-05-21T17:30:00Z
6659488a8dba1a49d44658a0,2022b620-faac-11ee-b227-5a5e7a11ce1c,Renewable Energy Program,2024-08-06,2024-12-20,2024-05-13,2024-06-10,20,ONLINE,"Sulawesi, Maluku, Nusa Tenggara (Kawasan Kepulauan Wallacea)",,0,42ac6187-b5ea-4bce-bc8e-2199c53f9238,true,https://storage.googleapis.com/kampusmerdeka_kemdikbud_go_id/mitra/mitra_fb03cead-c945-4808-ab30-93b3688aebe8.jpg,AMATI Indonesia,2024-05-21T17:30:00Z
6659488a8dba1a49d44658a1,7c6ef614-fab0-11ee-b227-5a5e7a11ce1c,IS-CORE : Indonesian Sustainable Coral Reef Education Program,2024-08-06,2024-12-20,2024-05-13,2024-06-10,20,ONLINE,"Sulawesi, Maluku, Nusa Tenggara (Wallacea Area)",,0,42ac6187-b5ea-4bce-bc8e-2199c53f9238,true,https://storage.googleapis.com/kampusmerdeka_kemdikbud_go_id/mitra/mitra_fb03cead-c945-4808-ab30-93b3688aebe8.jpg,AMATI Indonesia,2024-05-21T17:30:00Z
6659488a8dba1a49d44658a2,2a84e321-faaa-11ee-b227-5a5e7a11ce1c,ISS-FREE : Indonesia Sustainable Social Forestry Education Program,2024-08-06,2024-12-20,2024-05-13,2024-06-10,20,ONLINE,"Sumatera, Sulawesi, Kalimantan, Nusa Tenggara",,0,42ac6187-b5ea-4bce-bc8e-2199c53f9238,true,https://storage.googleapis.com/kampusmerdeka_kemdikbud_go_id/mitra/mitra_fb03cead-c945-4808-ab30-93b3688aebe8.jpg,AMATI Indonesia,2024-05-21T17:30:00Z
6659488a8dba1a49d44658a3,548bd0bc-d6d1-11ee-8afc-de20c4ed444c,Internet Of Things (IoT) Engineer Camp Real Project,2024-08-06,2024-12-20,2024-05-21,2024-06-10,20,ONLINE,Kota Yogyakarta,046000,0,3117a7d0-605e-4755-bb26-b97c0fe9d68b,true,https://storage.googleapis.com/kampusmerdeka_kemdikbud_go_id/mitra/mitra_ed3b11ff-d5e7-4a62-a608-f1c5d8f5748b.png,Indobot Academy,2024-05-21T17:25:00Z
6659488a8dba1a49d44658a4,76e3cbda-fcab-11ee-8f25-123aa03a4ccc,Content & Multimedia Creation For Event With International Certification,2024-08-06,2024-12-20,2024-04-16,2024-06-10,20,ONLINE,Kota Tangerang Selatan,286300,0,15a8d451-49f1-400e-8942-b3f56cffbd0d,true,https://storage.googleapis.com/kampusmerdeka_kemdikbud_go_id/mitra/mitra_18d08b81-f669-4394-860a-303b841ad781.png,Asa Kreasi,2024-05-21T15:35:00Z
6659488a8dba1a49d44658a5,d7e2ec3d-fc73-11ee-8f25-123aa03a4ccc,From Idea To Execution: 360 Digital Event Management Hacks With The Expertise With Technology Based & International Certification,2024-08-06,2024-12-20,2024-04-16,2024-06-10,20,ONLINE,Kota Tangerang Selatan,286300,0,15a8d451-49f1-400e-8942-b3f56cffbd0d,true,https://storage.googleapis.com/kampusmerdeka_kemdikbud_go_id/mitra/mitra_18d08b81-f669-4394-860a-303b841ad781.png,Asa Kreasi,2024-05-21T15:35:00Z
6659488a8dba1a49d44658a6,ea4d755c-fd0b-11ee-8f25-123aa03a4ccc,Multi Discipline Building Information Modeling (BIM) For Construction Future Skills,2024-08-06,2024-12-20,2024-05-13,2024-06-10,20,ONLINE,online,,0,6485a5a8-f4d5-4712-861c-576ffd2b8a7a,true,https://storage.googleapis.com/kampusmerdeka_kemdikbud_go_id/mitra/mitra_79262d3c-fd79-417a-a469-2ccfcbed7438.png,INKINDO Academy,2024-05-21T12:41:00Z
6659488a8dba1a49d44658a7,7e805091-fd30-11ee-8f25-123aa03a4ccc,Cepat Cakap Studi Independen 7 - Digital Marketing,2024-08-06,2024-12-20,2024-04-16,2024-06-10,20,ONLINE,Kota Jakarta Barat,016200,0,69d91c40-298c-44c5-b531-868d6e4069b4,true,https://storage.googleapis.com/kampusmerdeka_kemdikbud_go_id/mitra/mitra_f8440147-b5f0-46d5-85f1-9f8fe55c687b.png,Cakap,2024-05-21T12:00:00Z
6659488a8dba1a49d44658a8,1af39f35-fd2c-11ee-8f25-123aa03a4ccc,Cepat Cakap Studi Independen 7 - Data Analyst,2024-08-06,2024-12-20,2024-04-16,2024-06-10,20,ONLINE,Kota Jakarta Barat,016200,0,69d91c40-298c-44c5-b531-868d6e4069b4,true,https://storage.googleapis.com/kampusmerdeka_kemdikbud_go_id/mitra/mitra_f8440147-b5f0-46d5-85f1-9f8fe55c687b.png,Cakap,2024-05-21T12:00:00Z
6659488a8dba1a49d44658a9,3aab5106-fd2f-11ee-8f25-123aa03a4ccc,Cepat Cakap Studi Independen 7 - UIUX Design,2024-08-06,2024-12-20,2024-04-16,2024-06-10,20,ONLINE,Kota Jakarta Barat,016200,0,69d91c40-298c-44c5-b531-868d6e4069b4,true,https://storage.googleapis.com/kampusmerdeka_kemdikbud_go_id/mitra/mitra_f8440147-b5f0-46d5-85f1-9f8fe55c687b.png,Cakap,2024-05-21T12:00:00Z
6659488a8dba1a49d44658aa,fa20dff3-fd2f-11ee-8f25-123aa03a4ccc,Cepat Cakap Studi Independen 7 - Project Management,2024-08-06,2024-12-20,2024-04-16,2024-06-10,20,ONLINE,Kota Jakarta Barat,016200,0,69d91c40-298c-44c5-b531-868d6e4069b4,true,https://storage.googleapis.com/kampusmerdeka_kemdikbud_go_id/mitra/mitra_f8440147-b5f0-46d5-85f1-9f8fe55c687b.png,Cakap,2024-05-21T12:00:00Z
6659488a8dba1a49d44658ab,9d3ffaee-fd2e-11ee-8f25-123aa03a4ccc,Cepat Cakap Studi Independen 7 - Data Scientist,2024-08-06,2024-12-20,2024-04-16,2024-06-10,20,ONLINE,Kota Jakarta Barat,016200,0,69d91c40-298c-44c5-b531-868d6e4069b4,true,https://storage.googleapis.com/kampusmerdeka_kemdikbud_go_id/mitra/mitra_f8440147-b5f0-46d5-85f1-9f8fe55c687b.png,Cakap,2024-05-21T12:00:00Z
6659488a8dba1a49d44658ac,023e2c26-eff4-11ee-b227-5a5e7a11ce1c,AWS CendekiAwan - Game Development ,2024-08-06,2024-12-20,2024-05-13,2024-06-10,20,ONLINE,Kota Jakarta Selatan,016300,0,2e55a738-46c7-4975-858c-ddb93df1af00,true,https://storage.googleapis.com/kampusmerdeka_kemdikbud_go_id/mitra/mitra_66901fbe-81ec-4358-84e7-ac11653f768e.jpg,IDS | BTEC,2024-05-21T10:15:00Z
6659488a8dba1a49d44658ad,2b44a205-13f2-11ef-89ae-cad937d5f240,Mastering Product Management,2024-08-06,2024-12-20,2024-05-13,2024-06-10,20,ONLINE,Kota Jakarta Selatan,016300,0,d3ff9ffd-0c26-4515-a13b-20bd6609229b,true,https://storage.googleapis.com/kampusmerdeka_kemdikbud_go_id/mitra/mitra_1a581486-7094-43f9-8d36-f369e5fe05c4.png,Ruangguru,2024-05-20T18:41:00Z
6659488a8dba1a49d44658ae,dc4c4ad2-f62e-11ee-b227-5a5e7a11ce1c,Fullstack Golang & AI: Dari Prinsip Dasar Hingga Aplikasi Praktis,2024-08-06,2024-12-20,2024-05-13,2024-06-10,20,ONLINE,Kota Jakarta Selatan,016300,0,d3ff9ffd-0c26-4515-a13b-20bd6609229b,true,https://storage.googleapis.com/kampusmerdeka_kemdikbud_go_id/mitra/mitra_1a581486-7094-43f9-8d36-f369e5fe05c4.png,Ruangguru,2024-05-20T18:41:00Z
6659488a8dba1a49d44658af,20a3f93c-e117-11ee-b49f-a62bf3a0bd70,Microsoft Web & Mobile Developer,2024-08-06,2024-12-20,2024-04-16,2024-06-10,20,ONLINE,Online,,0,9be65488-4d2a-4a00-a4ba-c911b6e596f9,true,https://storage.googleapis.com/kampusmerdeka_kemdikbud_go_id/mitra/mitra_5bded8b9-1ffa-44ef-95f9-d3fcd88f7f36.png,MariBelajar,2024-05-20T15:44:00Z
6659488a8dba1a49d44658b0,f76dbb60-e119-11ee-b49f-a62bf3a0bd70,Data Analyst & AI,2024-08-06,2024-12-20,2024-04-16,2024-06-10,20,ONLINE,Online,,0,9be65488-4d2a-4a00-a4ba-c911b6e596f9,true,https://storage.googleapis.com/kampusmerdeka_kemdikbud_go_id/mitra/mitra_5bded8b9-1ffa-44ef-95f9-d3fcd88f7f36.png,MariBelajar,2024-05-20T15:44:00Z
6659488a8dba1a49d44658b1,28f93087-e11d-11ee-b49f-a62bf3a0bd70,Microsoft Data Engineer,2024-08-06,2024-12-20,2024-04-16,2024-06-10,20,ONLINE,Online,,0,9be65488-4d2a-4a00-a4ba-c911b6e596f9,true,https://storage.googleapis.com/kampusmerdeka_kemdikbud_go_id/mitra/mitra_5bded8b9-1ffa-44ef-95f9-d3fcd88f7f36.png,MariBelajar,2024-05-20T15:44:00Z
6659488a8dba1a49d44658b2,7956fad7-e81b-11ee-aa8a-1ecc27c8cd9a,Lingkaran Pelatihan Amplifikasi Keterampilan: UI/UX,2024-08-06,2024-12-20,2024-05-13,2024-06-10,20,ONLINE,Kota Jakarta Selatan,016300,0,f4660699-c45f-43f0-b60c-85af9630eb12,true,https://storage.googleapis.com/kampusmerdeka_kemdikbud_go_id/mitra/mitra_b2f47ef3-7fbd-4658-b54b-1e9fa0bacae1.png,Lingkaran.co,2024-05-20T12:00:00Z
6659488a8dba1a49d44658b3,16b5c081-e820-11ee-aa8a-1ecc27c8cd9a,Lingkaran Pelatihan Amplifikasi Keterampilan: Data Analysis,2024-08-06,2024-12-20,2024-05-13,2024-06-10,20,ONLINE,Kota Jakarta Selatan,016300,0,f4660699-c45f-43f0-b60c-85af9630eb12,true,https://storage.googleapis.com/kampusmerdeka_kemdikbud_go_id/mitra/mitra_b2f47ef3-7fbd-4658-b54b-1e9fa0bacae1.png,Lingkaran.co,2024-05-20T12:00:00Z
6659488a8dba1a49d44658b4,8d76eec9-f2ec-11ee-b227-5a5e7a11ce1c,Data Engineering Academy,2024-08-06,2024-12-20,2024-05-13,2024-06-10,20,ONLINE,Kota Jakarta Selatan,016300,0,99323bd6-a60e-41e6-b558-9c7e770e4fce,true,https://storage.googleapis.com/kampusmerdeka_kemdikbud_go_id/mitra/mitra_2926ae20-c0f1-41be-9257-28d902b7c250.png,Data Academy,2024-05-20T11:35:00Z
6659488a8dba1a49d44658b5,3e955984-f2ec-11ee-b227-5a5e7a11ce1c,Data Analyst Academy,2024-08-06,2024-12-20,2024-05-13,2024-06-10,20,ONLINE,Kota Jakarta Selatan,016300,0,99323bd6-a60e-41e6-b558-9c7e770e4fce,true,https://storage.googleapis.com/kampusmerdeka_kemdikbud_go_id/mitra/mitra_2926ae20-c0f1-41be-9257-28d902b7c250.png,Data Academy,2024-05-20T11:35:00Z
6659488a8dba1a49d44658b6,f8cfcf0f-f2ea-11ee-b227-5a5e7a11ce1c,Data Science Academy,2024-08-06,2024-12-20,2024-05-13,2024-06-10,20,ONLINE,Kota Jakarta Selatan,016300,0,99323bd6-a60e-41e6-b558-9c7e770e4fce,true,https://storage.googleapis.com/kampusmerdeka_kemdikbud_go_id/mitra/mitra_2926ae20-c0f1-41be-9257-28d902b7c250.png,Data Academy,2024-05-20T11:35:00Z
6659488a8dba1a49d44658b7,d5ade726-f2ec-11ee-b227-5a5e7a11ce1c,Business Intelligence Analyst Academy,2024-08-06,2024-12-20,2024-05-13,2024-06-10,20,ONLINE,Kota Jakarta Selatan,016300,0,99323bd6-a60e-41e6-b558-9c7e770e4fce,true,https://storage.googleapis.com/kampusmerdeka_kemdikbud_go_id/mitra/mitra_2926ae20-c0f1-41be-9257-28d902b7c250.png,Data Academy,2024-05-20T11:35:00Z
6659488a8dba1a49d44658b8,7ad094e9-f310-11ee-b227-5a5e7a11ce1c,Data Analysis: Transforming Data Into Meaningful Insights,2024-08-06,2024-12-20,2024-04-16,2024-06-10,20,ONLINE,Kota Jakarta Selatan,016300,0,c2bfb0e4-c49c-4e14-abf7-74d21f0aaa05,true,https://storage.googleapis.com/kampusmerdeka_kemdikbud_go_id/mitra/mitra_c80c2219-0842-4ed0-91f6-31f13a51d45e.png,Sekolah.mu,2024-05-20T11:00:00Z
6659488a8dba1a49d44658b9,68b4604b-f193-11ee-b227-5a5e7a11ce1c,Artificial Intelligence For Jobs,2024-08-06,2024-12-20,2024-05-13,2024-06-10,20,ONLINE,Kota Jakarta Selatan,016300,0,0be8abbc-2642-42b4-9ca5-4d33f4704a94,true,https://storage.googleapis.com/kampusmerdeka_kemdikbud_go_id/mitra/mitra_6104fd05-e57e-418b-aa30-e477b8e50af3.png,Orbit Future Academy,2024-05-20T10:32:00Z
6659488a8dba1a49d44658ba,c6e9ec5b-f172-11ee-b227-5a5e7a11ce1c,Celerates Acceleration Program - Game Design & Development,2024-08-06,2024-12-30,2024-05-13,2024-06-10,20,ONLINE,Kota Jakarta Selatan,016300,0,96735384-d0f5-4aab-9537-185a192519c2,true,https://storage.googleapis.com/kampusmerdeka_kemdikbud_go_id/mitra/mitra_17779118-b8e0-4a1d-8d71-03f670a3e191.png,Celerates,2024-05-20T10:07:00Z
6659488a8dba1a49d44658bb,e1677c8c-ec18-11ee-b227-5a5e7a11ce1c,Celerates Acceleration Program - Data Analyst & Business Intelligence,2024-08-06,2024-12-30,2024-05-13,2024-06-10,20,ONLINE,Kota Jakarta Selatan,016300,0,96735384-d0f5-4aab-9537-185a192519c2,true,https://storage.googleapis.com/kampusmerdeka_kemdikbud_go_id/mitra/mitra_17779118-b8e0-4a1d-8d71-03f670a3e191.png,Celerates,2024-05-20T10:07:00Z
6659488a8dba1a49d44658bc,db1ffc5a-f93a-11ee-b227-5a5e7a11ce1c,Celerates Acceleration Program - Front End Development,2024-08-06,2024-12-30,2024-05-13,2024-06-10,20,ONLINE,Kota Jakarta Selatan,016300,0,96735384-d0f5-4aab-9537-185a192519c2,true,https://storage.googleapis.com/kampusmerdeka_kemdikbud_go_id/mitra/mitra_17779118-b8e0-4a1d-8d71-03f670a3e191.png,Celerates,2024-05-20T10:07:00Z
6659488a8dba1a49d44658bd,2c424ea9-f17d-11ee-b227-5a5e7a11ce1c,Celerates Acceleration Program - Cybersecurity,2024-08-06,2024-12-30,2024-05-13,2024-06-10,20,ONLINE,Kota Jakarta Selatan,016300,0,96735384-d0f5-4aab-9537-185a192519c2,true,https://storage.googleapis.com/kampusmerdeka_kemdikbud_go_id/mitra/mitra_17779118-b8e0-4a1d-8d71-03f670a3e191.png,Celerates,2024-05-20T10:07:00Z
6659488a8dba1a49d44658be,36c4a4b8-f93c-11ee-b227-5a5e7a11ce1c,Celerates Acceleration Program - Data Science Basic,2024-08-06,2024-12-30,2024-05-13,2024-06-10,20,ONLINE,Kota Jakarta Selatan,016300,0,96735384-d0f5-4aab-9537-185a192519c2,true,https://storage.googleapis.com/kampusmerdeka_kemdikbud_go_id/mitra/mitra_17779118-b8e0-4a1d-8d71-03f670a3e191.png,Celerates,2024-05-20T10:07:00Z
6659488a8dba1a49d44658bf,71d975f3-f93f-11ee-b227-5a5e7a11ce1c, AI4IMPACT Apprenticeship - Pendidikan.AI,2024-08-06,2024-12-30,2024-05-13,2024-06-10,20,ONLINE,Kota Jakarta Selatan,016300,0,96735384-d0f5-4aab-9537-185a192519c2,true,https://storage.googleapis.com/kampusmerdeka_kemdikbud_go_id/mitra/mitra_17779118-b8e0-4a1d-8d71-03f670a3e191.png,Celerates,2024-05-20T10:07:00Z
6659488a8dba1a49d44658c0,7ced83bf-f93a-11ee-b227-5a5e7a11ce1c,Celerates Acceleration Program - Data Engineer For Beginner,2024-08-06,2024-12-30,2024-05-13,2024-06-10,20,ONLINE,Kota Jakarta Selatan,016300,0,96735384-d0f5-4aab-9537-185a192519c2,true,https://storage.googleapis.com/kampusmerdeka_kemdikbud_go_id/mitra/mitra_17779118-b8e0-4a1d-8d71-03f670a3e191.png,Celerates,2024-05-20T10:07:00Z
6659488a8dba1a49d44658c1,f49e76b1-f93f-11ee-b227-5a5e7a11ce1c,Celerates Acceleration Program - Back End Development,2024-08-06,2024-12-30,2024-05-13,2024-06-10,20,ONLINE,Kota Jakarta Selatan,016300,0,96735384-d0f5-4aab-9537-185a192519c2,true,https://storage.googleapis.com/kampusmerdeka_kemdikbud_go_id/mitra/mitra_17779118-b8e0-4a1d-8d71-03f670a3e191.png,Celerates,2024-05-20T10:07:00Z
6659488a8dba1a49d44658c2,31afae27-f942-11ee-b227-5a5e7a11ce1c, AI4IMPACT Apprenticeship - AI For Business,2024-08-06,2024-12-30,2024-05-13,2024-06-10,20,ONLINE,Kota Jakarta Selatan,016300,0,96735384-d0f5-4aab-9537-185a192519c2,true,https://storage.googleapis.com/kampusmerdeka_kemdikbud_go_id/mitra/mitra_17779118-b8e0-4a1d-8d71-03f670a3e191.png,Celerates,2024-05-20T10:07:00Z
6659488a8dba1a49d44658c3,755a1e7f-f178-11ee-b227-5a5e7a11ce1c,Celerates Acceleration Program - Web Development & UI UX Design,2024-08-06,2024-12-30,2024-05-13,2024-06-10,20,ONLINE,Kota Jakarta Selatan,016300,0,96735384-d0f5-4aab-9537-185a192519c2,true,https://storage.googleapis.com/kampusmerdeka_kemdikbud_go_id/mitra/mitra_17779118-b8e0-4a1d-8d71-03f670a3e191.png,Celerates,2024-05-20T10:07:00Z
6659488a8dba1a49d44658c4,d9fcb5fe-fdf5-11ee-a017-d2c25b016c0f,Web & AI Digital Marketing Developer For Smart City,2024-08-06,2024-12-20,2024-05-20,2024-06-10,20,ONLINE,Kota Jakarta Selatan,016300,0,d617fc54-5448-43b9-9a1e-09a8cdab2949,true,https://storage.googleapis.com/kampusmerdeka_kemdikbud_go_id/mitra/mitra_f3445bd5-f47e-492c-afad-ffb602170391.png,ICAN,2024-05-20T09:56:00Z
6659488a8dba1a49d44658c5,2a35372b-f264-11ee-b227-5a5e7a11ce1c,AI-Powered Digital Marketing,2024-08-06,2024-12-20,2024-04-16,2024-06-10,20,ONLINE,Kota Jakarta Timur,016400,0,e30f4a76-7126-4640-bbb1-3a7bd002f4ae,true,https://storage.googleapis.com/kampusmerdeka_kemdikbud_go_id/mitra/mitra_2a72f37e-ffa7-496b-8407-47e3d499bcb4.png,CIAS,2024-05-20T08:30:00Z
6659488a8dba1a49d44658c6,6d30960f-fe54-11ee-be2b-2adfa1c73f2e,Studi Independen Bersertifikat Manajemen SDM Berbasis Digital Dan Artificial Intelligence (AI) (Digital And Artificial Intelligence Based Human Resources Management),2024-08-06,2024-12-20,2024-04-16,2024-06-10,20,ONLINE,Kota Jakarta Selatan,016300,0,823ec9fb-a929-460a-8af6-8a90e0dd777a,true,https://storage.googleapis.com/kampusmerdeka_kemdikbud_go_id/mitra/mitra_cabe3843-a912-4441-bad5-81d1fcc5e418.png,Gerakan Nasional Indonesia Kompeten (GNIK),2024-05-19T16:01:00Z
6659488a8dba1a49d44658c7,cab4218a-df9d-11ee-91f1-9e7c6fd4b809,Studi Independen Vokasi Digital Ekspor    Fesyen Dan Produk Kreatif,2024-08-06,2024-12-20,2024-04-16,2024-06-10,20,ONLINE,Kota Tangerang,286100,0,1b668cba-ea1d-4814-a7b7-96f7ec2c9cf0,true,https://storage.googleapis.com/kampusmerdeka_kemdikbud_go_id/mitra/mitra_6a3f64ce-d614-4834-9672-c65faa7c8de3.png,LACORRE,2024-05-18T00:30:00Z
6659488a8dba1a49d44658c8,75e32744-de2a-11ee-91f1-9e7c6fd4b809,BE A DIGITAL EXPORTER,2024-08-06,2024-12-20,2024-04-16,2024-06-10,20,ONLINE,Kota Jakarta Selatan,016300,0,cb45db06-4d73-4c4d-9bdd-e76f364c4d3f,true,https://storage.googleapis.com/kampusmerdeka_kemdikbud_go_id/mitra/mitra_33e5f6ee-f472-46ad-9c92-5258d23ab129.jpg,Sekolah Ekspor,2024-05-18T00:25:00Z
6659488a8dba1a49d44658c9,2d0732f7-fe2c-11ee-be2b-2adfa1c73f2e,Web Development With PHP Laravel And Get Your International Certification,2024-08-06,2024-12-20,2024-05-15,2024-06-10,20,ONLINE,Kota Bandung,026000,0,b1544c4d-4e77-4232-918c-8d636c327b76,true,https://storage.googleapis.com/kampusmerdeka_kemdikbud_go_id/mitra/mitra_4669a680-a1d1-425c-9625-ea5f6b0fb04b.png,SOMEAH,2024-05-18T00:01:00Z
6659488a8dba1a49d44658ca,02a06ed1-ecd0-11ee-b227-5a5e7a11ce1c,Game Creator : Ciptakan Dunia Baru Dan Tak Terbatas,2024-08-06,2024-12-20,2024-05-13,2024-06-10,20,ONLINE,Kota Jakarta Timur,016400,0,0221721d-f357-45b9-a111-6d04ec0cb160,true,https://storage.googleapis.com/kampusmerdeka_kemdikbud_go_id/mitra/mitra_163289c3-b528-4d02-9768-0ec759b5b8d4.png,B-onecorp,2024-05-18T00:00:00Z
6659488a8dba1a49d44658cb,84842be1-ecc6-11ee-b227-5a5e7a11ce1c,Meta Certified Digital Marketing Dengan Transformasi Karir Menggunakan Strategi Pemasaran 5.0 Dengan Artificial Intelligence,2024-08-06,2024-12-20,2024-05-13,2024-06-10,20,ONLINE,Kota Jakarta Timur,016400,0,0221721d-f357-45b9-a111-6d04ec0cb160,true,https://storage.googleapis.com/kampusmerdeka_kemdikbud_go_id/mitra/mitra_163289c3-b528-4d02-9768-0ec759b5b8d4.png,B-onecorp,2024-05-18T00:00:00Z
6659488a8dba1a49d44658cc,7614abed-f022-11ee-b227-5a5e7a11ce1c,Applied Data Analyst And Visualization For Digital Journalism,2024-08-06,2024-12-20,2024-05-13,2024-06-10,20,ONLINE,Kota Jakarta Pusat,016000,0,ffee4ee0-fe20-4fd2-950a-344f828c693d,true,https://storage.googleapis.com/kampusmerdeka_kemdikbud_go_id/mitra/mitra_dd154f0e-05c0-40b1-a23c-a7d365f39730.jpg,GNFI,2024-05-17T17:10:00Z
6659488a8dba1a49d44658cd,0e9c2529-e902-11ee-aa8a-1ecc27c8cd9a,Data Analyst With  Artificial Intelligence (AI) Expertise,2024-08-06,2024-12-20,2024-05-13,2024-06-10,20,ONLINE,Kota Jakarta Pusat,016000,0,3b2cbbc6-3926-4b50-8bc9-061ed375ff2e,true,https://storage.googleapis.com/kampusmerdeka_kemdikbud_go_id/mitra/mitra_c66fd479-df62-4763-bea5-4523c232a40f.png,MIKTI,2024-05-17T12:40:00Z
6659488a8dba1a49d44658ce,baf00de3-e901-11ee-aa8a-1ecc27c8cd9a,Golang Developer With AI And Computer Vision Expertise,2024-08-06,2024-12-20,2024-05-13,2024-06-10,20,ONLINE,Kota Jakarta Pusat,016000,0,3b2cbbc6-3926-4b50-8bc9-061ed375ff2e,true,https://storage.googleapis.com/kampusmerdeka_kemdikbud_go_id/mitra/mitra_c66fd479-df62-4763-bea5-4523c232a40f.png,MIKTI,2024-05-17T12:40:00Z
6659488a8dba1a49d44658cf,ea943baf-e901-11ee-aa8a-1ecc27c8cd9a,Low-code Development Built With Artificial Intelligence (AI),2024-08-06,2024-12-20,2024-05-13,2024-06-10,20,ONLINE,Kota Jakarta Pusat,016000,0,3b2cbbc6-3926-4b50-8bc9-061ed375ff2e,true,https://storage.googleapis.com/kampusmerdeka_kemdikbud_go_id/mitra/mitra_c66fd479-df62-4763-bea5-4523c232a40f.png,MIKTI,2024-05-17T12:40:00Z
6659488a8dba1a49d44658d0,6f8ee6cc-fbf3-11ee-ac8e-123aa03a4ccc,"STUDI INDEPENDEN BERSERTIFIKAT DEVELOP DIGITAL ECONOMY WITH CLOUD ENTERPRISE RESOURCE PLANNING ODOO - SYSTEM INTEGRATION,  AI & DATA SCIENTIST",2024-08-06,2024-12-20,2024-05-13,2024-06-10,20,ONLINE,Kota Jakarta Selatan,016300,0,f529eff6-06d5-4992-b34d-dd7ede42b06a,true,https://storage.googleapis.com/kampusmerdeka_kemdikbud_go_id/mitra/mitra_612dabd9-db01-43c5-882e-a051a593404e.png,ctech ERP id,2024-05-17T11:40:00Z
6659488a8dba1a49d44658d1,23312d56-f64f-11ee-b227-5a5e7a11ce1c,Future - Ready Green Tech Quality Engineering ,2024-08-06,2024-12-20,2024-05-15,2024-06-10,20,ONLINE,Online,,0,d8430416-2c7b-4c2c-99a6-aeea1c5743e8,true,https://storage.googleapis.com/kampusmerdeka_kemdikbud_go_id/mitra/mitra_df0035ef-8b86-4f8c-b560-88cb2bc4b4b0.png,Alterra Academy,2024-05-17T09:00:00Z
6659488a8dba1a49d44658d2,fe03e4a1-f64f-11ee-b227-5a5e7a11ce1c,Data Engineering Mastery For Green Tech Future,2024-08-06,2024-12-20,2024-05-15,2024-06-10,20,ONLINE,Online,,0,d8430416-2c7b-4c2c-99a6-aeea1c5743e8,true,https://storage.googleapis.com/kampusmerdeka_kemdikbud_go_id/mitra/mitra_df0035ef-8b86-4f8c-b560-88cb2bc4b4b0.png,Alterra Academy,2024-05-17T09:00:00Z
6659488a8dba1a49d44658d3,3d69d537-f57e-11ee-b227-5a5e7a11ce1c,Golang Mastery For Green Tech Backend Engineers,2024-08-06,2024-12-20,2024-05-15,2024-06-10,20,ONLINE,Online,,0,d8430416-2c7b-4c2c-99a6-aeea1c5743e8,true,https://storage.googleapis.com/kampusmerdeka_kemdikbud_go_id/mitra/mitra_df0035ef-8b86-4f8c-b560-88cb2bc4b4b0.png,Alterra Academy,2024-05-17T09:00:00Z
6659488a8dba1a49d44658d4,c7c14057-f577-11ee-b227-5a5e7a11ce1c,Green Tech UI/UX Designer Mastery ,2024-08-06,2024-12-20,2024-05-15,2024-06-10,20,ONLINE,Online,,0,d8430416-2c7b-4c2c-99a6-aeea1c5743e8,true,https://storage.googleapis.com/kampusmerdeka_kemdikbud_go_id/mitra/mitra_df0035ef-8b86-4f8c-b560-88cb2bc4b4b0.png,Alterra Academy,2024-05-17T09:00:00Z
6659488a8dba1a49d44658d5,f22d402b-f57b-11ee-b227-5a5e7a11ce1c,ReactJS Mastery For Green Tech Front-End Engineers ,2024-08-06,2024-12-20,2024-05-15,2024-06-10,20,ONLINE,Online,,0,d8430416-2c7b-4c2c-99a6-aeea1c5743e8,true,https://storage.googleapis.com/kampusmerdeka_kemdikbud_go_id/mitra/mitra_df0035ef-8b86-4f8c-b560-88cb2bc4b4b0.png,Alterra Academy,2024-05-17T09:00:00Z
6659488a8dba1a49d44658d6,e209129e-f650-11ee-b227-5a5e7a11ce1c,Flutter For Eco-Mobile: Empowering Future Tech ,2024-08-06,2024-12-20,2024-05-15,2024-06-10,20,ONLINE,Online,,0,d8430416-2c7b-4c2c-99a6-aeea1c5743e8,true,https://storage.googleapis.com/kampusmerdeka_kemdikbud_go_id/mitra/mitra_df0035ef-8b86-4f8c-b560-88cb2bc4b4b0.png,Alterra Academy,2024-05-17T09:00:00Z
6659488a8dba1a49d44658d7,cac2b35e-fca1-11ee-8f25-123aa03a4ccc,IT Full Stack Developer: Mastering Web Development Blending With Data Science,2024-08-06,2024-12-20,2024-05-13,2024-06-10,20,ONLINE,Kota Jakarta Selatan,016300,0,a470bf2a-788a-4c54-a370-57af3ea8e26d,true,https://storage.googleapis.com/kampusmerdeka_kemdikbud_go_id/mitra/mitra_258f5dc6-688b-4fd8-b633-b71bba293924.png,Rakamin Academy,2024-05-17T08:55:00Z
6659488a8dba1a49d44658d8,79041462-e73c-11ee-aa8a-1ecc27c8cd9a,[STARTUP CAMPUS] UI/UX Design: Creating The Next Generation,2024-08-06,2024-12-20,2024-04-16,2024-06-10,20,ONLINE,Kota Jakarta Selatan,016300,0,31a0f4e0-c962-4148-aec1-2fe942dea789,true,https://storage.googleapis.com/kampusmerdeka_kemdikbud_go_id/mitra/mitra_f3b0c480-0365-40e8-bae2-6e8b3da073af.png,Achmad Zaky Foundation,2024-05-16T21:40:00Z
6659488a8dba1a49d44658d9,4b44cf27-e73e-11ee-aa8a-1ecc27c8cd9a,[STARTUP CAMPUS] Artificial Intelligence: Solutions For A Sustainable Future,2024-08-06,2024-12-20,2024-04-16,2024-06-10,20,ONLINE,Kota Jakarta Selatan,016300,0,31a0f4e0-c962-4148-aec1-2fe942dea789,true,https://storage.googleapis.com/kampusmerdeka_kemdikbud_go_id/mitra/mitra_f3b0c480-0365-40e8-bae2-6e8b3da073af.png,Achmad Zaky Foundation,2024-05-16T21:40:00Z
6659488a8dba1a49d44658da,7abe7269-e738-11ee-b6e9-92aef1427b7c,[STARTUP CAMPUS] UI/UX Design For Sustainable Green Economy Program (Agriculture),2024-08-06,2024-12-20,2024-04-16,2024-06-10,20,ONLINE,Kota Jakarta Selatan,016300,0,31a0f4e0-c962-4148-aec1-2fe942dea789,true,https://storage.googleapis.com/kampusmerdeka_kemdikbud_go_id/mitra/mitra_f3b0c480-0365-40e8-bae2-6e8b3da073af.png,Achmad Zaky Foundation,2024-05-16T21:40:00Z
6659488a8dba1a49d44658db,b81ffb77-e73f-11ee-aa8a-1ecc27c8cd9a,[STARTUP CAMPUS] Data Science: Greener Future With Data-Driven Solutions,2024-08-06,2024-12-20,2024-04-16,2024-06-10,20,ONLINE,Kota Jakarta Selatan,016300,0,31a0f4e0-c962-4148-aec1-2fe942dea789,true,https://storage.googleapis.com/kampusmerdeka_kemdikbud_go_id/mitra/mitra_f3b0c480-0365-40e8-bae2-6e8b3da073af.png,Achmad Zaky Foundation,2024-05-16T21:40:00Z
6659488a8dba1a49d44658dc,546071ff-e73a-11ee-aa8a-1ecc27c8cd9a,[STARTUP CAMPUS] UI/UX Design For Sustainable Blue Economy Program (Ocean),2024-08-06,2024-12-20,2024-04-16,2024-06-10,20,ONLINE,Kota Jakarta Selatan,016300,0,31a0f4e0-c962-4148-aec1-2fe942dea789,true,https://storage.googleapis.com/kampusmerdeka_kemdikbud_go_id/mitra/mitra_f3b0c480-0365-40e8-bae2-6e8b3da073af.png,Achmad Zaky Foundation,2024-05-16T21:40:00Z
6659488a8dba1a49d44658dd,e3f41de7-e1da-11ee-9466-f25bf938d708,Pengembang Front-End Web Dan Back-End,2024-08-06,2024-12-20,2024-05-13,2024-06-10,20,ONLINE,Kota Bandung,026000,0,47077bfb-654b-4505-a048-2b99b8a8cbe1,true,https://storage.googleapis.com/kampusmerdeka_kemdikbud_go_id/mitra/mitra_faea24a5-96bc-4d83-837e-1f9212f1ff28.jpg,Dicoding Indonesia,2024-05-16T20:07:00Z
6659488a8dba1a49d44658de,2f62b73d-fba4-11ee-b227-5a5e7a11ce1c,Preparing Artificial Intelligence (AI) Talents For Indonesian Future Technology,2024-08-06,2024-12-20,2024-05-13,2024-06-10,20,ONLINE,Kota Depok,026600,0,293dd013-d4ac-4cc7-bc5b-786705540ae6,true,https://storage.googleapis.com/kampusmerdeka_kemdikbud_go_id/mitra/mitra_8e808bc2-0d43-407d-8de5-e5ef1465bf6b.png,Artificial Intelligence Center Indonesia,2024-05-16T17:00:00Z
6659488a8dba1a49d44658df,8df7a0ea-e0e2-11ee-91f1-9e7c6fd4b809,Social Media Specialist & Administrator,2024-08-06,2024-12-20,2024-05-13,2024-06-10,20,ONLINE,Kota Jakarta Selatan,016300,0,5bb66059-5bde-4e06-80e3-84a802b6b907,true,https://storage.googleapis.com/kampusmerdeka_kemdikbud_go_id/mitra/mitra_c4b6d1a7-9c7c-48eb-9479-f1f02e2871ab.png,Solutif,2024-05-16T14:15:00Z
6659488a8dba1a49d44658e0,a543621c-dd2c-11ee-91f1-9e7c6fd4b809,Genesys Cloud Computing For Customer Experience Solution,2024-08-06,2024-12-20,2024-05-13,2024-06-10,20,ONLINE,Kota Jakarta Selatan,016300,0,5bb66059-5bde-4e06-80e3-84a802b6b907,true,https://storage.googleapis.com/kampusmerdeka_kemdikbud_go_id/mitra/mitra_c4b6d1a7-9c7c-48eb-9479-f1f02e2871ab.png,Solutif,2024-05-16T14:15:00Z
6659488a8dba1a49d44658e1,9602b0b7-e50e-11ee-be9f-1a40d0052568,IBM Academy : Hybrid Cloud & Red Hat,2024-08-06,2024-12-20,2024-04-16,2024-06-10,20,ONLINE,Kota Batam,316000,0,863c3409-8b4e-4c96-9edd-71ee61e9fc41,true,https://storage.googleapis.com/kampusmerdeka_kemdikbud_go_id/mitra/mitra_f6fccdce-1cdb-4977-adf2-b4b5c3c52cc8.png,Infinite Learning,2024-05-16T14:07:00Z
6659488a8dba1a49d44658e2,7a1e201e-e5c4-11ee-be9f-1a40d0052568,Web Development & UIUX Design,2024-08-06,2024-12-20,2024-04-16,2024-06-10,20,ONLINE,Kota Batam,316000,0,863c3409-8b4e-4c96-9edd-71ee61e9fc41,true,https://storage.googleapis.com/kampusmerdeka_kemdikbud_go_id/mitra/mitra_f6fccdce-1cdb-4977-adf2-b4b5c3c52cc8.png,Infinite Learning,2024-05-16T14:07:00Z
6659488a8dba1a49d44658e3,710170ec-e5ba-11ee-be9f-1a40d0052568,Android Mobile Development & UIUX Design,2024-08-06,2024-12-20,2024-04-16,2024-06-10,20,ONLINE,Kota Batam,316000,0,863c3409-8b4e-4c96-9edd-71ee61e9fc41,true,https://storage.googleapis.com/kampusmerdeka_kemdikbud_go_id/mitra/mitra_f6fccdce-1cdb-4977-adf2-b4b5c3c52cc8.png,Infinite Learning,2024-05-16T14:07:00Z
6659488a8dba1a49d44658e4,c1bcc884-e50b-11ee-be9f-1a40d0052568,IBM Academy : Advanced AI,2024-08-06,2024-12-20,2024-04-16,2024-06-10,20,ONLINE,Kota Batam,316000,0,863c3409-8b4e-4c96-9edd-71ee61e9fc41,true,https://storage.googleapis.com/kampusmerdeka_kemdikbud_go_id/mitra/mitra_f6fccdce-1cdb-4977-adf2-b4b5c3c52cc8.png,Infinite Learning,2024-05-16T14:07:00Z
6659488a8dba1a49d44658e5,0036e41f-e509-11ee-be9f-1a40d0052568,Game Design & Development,2024-08-06,2024-12-20,2024-04-16,2024-06-10,20,ONLINE,Kota Batam,316000,0,863c3409-8b4e-4c96-9edd-71ee61e9fc41,true,https://storage.googleapis.com/kampusmerdeka_kemdikbud_go_id/mitra/mitra_f6fccdce-1cdb-4977-adf2-b4b5c3c52cc8.png,Infinite Learning,2024-05-16T14:07:00Z
6659488a8dba1a49d44658e6,cb98c0bd-e100-11ee-b49f-a62bf3a0bd70,Data Science,2024-08-06,2024-12-20,2024-04-16,2024-06-10,20,ONLINE,Kota Bandung,026000,0,cfca8159-1096-4dd6-a3b7-ab0da4507cc6,true,https://storage.googleapis.com/kampusmerdeka_kemdikbud_go_id/mitra/mitra_c28a90ef-7581-4447-93da-7918c9ef9f3e.png,BISA AI ACADEMY,2024-05-16T14:00:00Z
6659488a8dba1a49d44658e7,1a3d122c-e101-11ee-b49f-a62bf3a0bd70,UI/UX,2024-08-06,2024-12-20,2024-04-16,2024-06-10,20,ONLINE,Kota Bandung,026000,0,cfca8159-1096-4dd6-a3b7-ab0da4507cc6,true,https://storage.googleapis.com/kampusmerdeka_kemdikbud_go_id/mitra/mitra_c28a90ef-7581-4447-93da-7918c9ef9f3e.png,BISA AI ACADEMY,2024-05-16T14:00:00Z
6659488a8dba1a49d44658e8,aa5f5fec-e101-11ee-b49f-a62bf3a0bd70,Internet Of Things,2024-08-06,2024-12-20,2024-04-16,2024-06-10,20,ONLINE,Kota Bandung,026000,0,cfca8159-1096-4dd6-a3b7-ab0da4507cc6,true,https://storage.googleapis.com/kampusmerdeka_kemdikbud_go_id/mitra/mitra_c28a90ef-7581-4447-93da-7918c9ef9f3e.png,BISA AI ACADEMY,2024-05-16T14:00:00Z
6659488a8dba1a49d44658e9,682d75a5-e101-11ee-b49f-a62bf3a0bd70,Cyber Security,2024-08-06,2024-12-20,2024-04-16,2024-06-10,20,ONLINE,Kota Bandung,026000,0,cfca8159-1096-4dd6-a3b7-ab0da4507cc6,true,https://storage.googleapis.com/kampusmerdeka_kemdikbud_go_id/mitra/mitra_c28a90ef-7581-4447-93da-7918c9ef9f3e.png,BISA AI ACADEMY,2024-05-16T14:00:00Z
6659488a8dba1a49d44658ea,8c42178d-f555-11ee-b227-5a5e7a11ce1c,Cloud Computing & Engineering,2024-08-06,2024-12-20,2024-05-16,2024-07-12,20,ONLINE,Kota Jakarta Pusat,016000,0,caa20c2d-6781-4773-a061-8b7352296f91,true,https://storage.googleapis.com/kampusmerdeka_kemdikbud_go_id/mitra/mitra_de9cb014-d28d-41db-b6b6-2c10aa6f4e9d.png,Mojadiapp,2024-05-16T12:30:00Z
6659488a8dba1a49d44658eb,eb52a0d0-f550-11ee-b227-5a5e7a11ce1c,Data Scientist & Analyst,2024-08-06,2024-12-20,2024-05-16,2024-07-12,20,ONLINE,Kota Jakarta Pusat,016000,0,caa20c2d-6781-4773-a061-8b7352296f91,true,https://storage.googleapis.com/kampusmerdeka_kemdikbud_go_id/mitra/mitra_de9cb014-d28d-41db-b6b6-2c10aa6f4e9d.png,Mojadiapp,2024-05-16T12:30:00Z
6659488a8dba1a49d44658ec,5822aa70-f553-11ee-b227-5a5e7a11ce1c,IOS & Android Mobile Developer,2024-08-06,2024-12-20,2024-05-16,2024-07-12,20,ONLINE,Kota Jakarta Pusat,016000,0,caa20c2d-6781-4773-a061-8b7352296f91,true,https://storage.googleapis.com/kampusmerdeka_kemdikbud_go_id/mitra/mitra_de9cb014-d28d-41db-b6b6-2c10aa6f4e9d.png,Mojadiapp,2024-05-16T12:30:00Z
6659488a8dba1a49d44658ed,f91768bd-f54d-11ee-b227-5a5e7a11ce1c,Artificial Intelligence,2024-08-06,2024-12-20,2024-05-16,2024-07-12,20,ONLINE,Kota Jakarta Pusat,016000,0,caa20c2d-6781-4773-a061-8b7352296f91,true,https://storage.googleapis.com/kampusmerdeka_kemdikbud_go_id/mitra/mitra_de9cb014-d28d-41db-b6b6-2c10aa6f4e9d.png,Mojadiapp,2024-05-16T12:30:00Z
6659488a8dba1a49d44658ee,fbba6b96-d7ab-11ee-9ce3-0efe5d83c005,UI Certification | Full Stack UI UX Designer,2024-08-06,2024-12-20,2024-04-16,2024-06-10,20,ONLINE,Kab. Malang,051800,0,bdac6692-9f98-44fa-acad-8aa8a0c6564c,true,https://storage.googleapis.com/kampusmerdeka_kemdikbud_go_id/mitra/mitra_198bfaf6-d035-4c3b-b20c-01503cb5b505.png,Social Economic Accelerator Lab (SEAL),2024-05-16T12:20:00Z
6659488a8dba1a49d44658ef,5f815905-d782-11ee-8afc-de20c4ed444c,AWS Certification | Full Stack Cloud Engineering,2024-08-06,2024-12-20,2024-04-16,2024-06-10,20,ONLINE,Kab. Malang,051800,0,bdac6692-9f98-44fa-acad-8aa8a0c6564c,true,https://storage.googleapis.com/kampusmerdeka_kemdikbud_go_id/mitra/mitra_198bfaf6-d035-4c3b-b20c-01503cb5b505.png,Social Economic Accelerator Lab (SEAL),2024-05-16T12:20:00Z
6659488a8dba1a49d44658f0,8c7f0f07-e505-11ee-be9f-1a40d0052568,Content Creator & Communication Strategic,2024-08-06,2024-12-20,2024-04-16,2024-06-10,20,ONLINE,Kab. Malang,051800,0,bdac6692-9f98-44fa-acad-8aa8a0c6564c,true,https://storage.googleapis.com/kampusmerdeka_kemdikbud_go_id/mitra/mitra_198bfaf6-d035-4c3b-b20c-01503cb5b505.png,Social Economic Accelerator Lab (SEAL),2024-05-16T12:20:00Z
6659488a8dba1a49d44658f1,dce13063-fc80-11ee-8f25-123aa03a4ccc,BIM Engineer From Beginner To Advanced,2024-08-06,2024-12-20,2024-05-13,2024-06-10,20,ONLINE,Online,,0,5356a81f-f558-43f3-81f2-42527a7151bc,true,https://storage.googleapis.com/kampusmerdeka_kemdikbud_go_id/mitra/mitra_0ca81c54-1a8a-4cf7-8265-61a3626e32a1.jpg,Solusi Utama,2024-05-16T11:40:00Z
6659488a8dba1a49d44658f2,6251a91d-fc8b-11ee-8f25-123aa03a4ccc,Advanced Skills Level BIM Engineer,2024-08-06,2024-12-20,2024-05-13,2024-06-10,20,ONLINE,ONLINE,,0,a101bb9e-3469-4504-bab2-0ff327701391,true,https://storage.googleapis.com/kampusmerdeka_kemdikbud_go_id/mitra/mitra_6e05a322-ab6a-481b-9fcf-29889782daf3.jpg,MMT,2024-05-16T11:34:00Z
6659488a8dba1a49d44658f3,5f83824c-fc9b-11ee-8f25-123aa03a4ccc,Multi Platform Building Information Modeling (BIM) For Engineer,2024-08-06,2024-12-20,2024-05-13,2024-06-10,20,ONLINE,online,,0,9ff9c320-9769-468e-8abf-b4a85924134e,true,https://storage.googleapis.com/kampusmerdeka_kemdikbud_go_id/mitra/mitra_4ff7d305-f242-4d77-9578-525d87a155b4.jpg,MCG,2024-05-16T11:28:00Z
6659488a8dba1a49d44658f4,2abc6887-fc0c-11ee-8f25-123aa03a4ccc,Mastering Full-Stack Development,2024-08-06,2024-12-20,2024-05-13,2024-06-10,20,ONLINE,Kota Batu,056800,0,9581d12c-34c5-4a4b-a23f-522564be02fe,true,https://storage.googleapis.com/kampusmerdeka_kemdikbud_go_id/mitra/mitra_0223d359-03c1-4f78-a138-7a4ecc5d3a9e.jpg,Yunta Mandiri,2024-05-16T10:58:00Z
6659488a8dba1a49d44658f5,9ac9cc32-fc59-11ee-8f25-123aa03a4ccc,Fullstack Dev Mastery,2024-08-06,2024-12-20,2024-05-13,2024-06-10,20,ONLINE,Kab. Sleman,040200,0,c972f1cd-b6dd-4ba5-a5df-08da160df2f9,true,https://storage.googleapis.com/kampusmerdeka_kemdikbud_go_id/mitra/mitra_ac1c19f4-31e4-4e38-abaf-0cc0e02e577e.jpg,CGS,2024-05-16T10:52:00Z
6659488a8dba1a49d44658f6,5a92fde3-d7a6-11ee-8afc-de20c4ed444c,DIGITAL FORENSIK UNTUK INVESTIGASI PASCA KEJADIAN PLATFORM & WEB CYBERSECURITY,2024-08-06,2024-12-20,2024-05-13,2024-06-10,20,ONLINE,Kota Yogyakarta,046000,0,3be1bce9-839f-4068-a200-1b062769d0ec,true,https://storage.googleapis.com/kampusmerdeka_kemdikbud_go_id/mitra/mitra_6fb7ed3c-300a-4271-b772-bcd75a7d0896.png,Analis Forensik Digital,2024-05-16T10:41:00Z
6659488a8dba1a49d44658f7,ab4e0727-f10f-11ee-b227-5a5e7a11ce1c,Data Analyst For HR,2024-08-06,2024-12-20,2024-05-13,2024-06-10,20,ONLINE,Kota Surabaya,056000,0,6efe3308-653b-4298-8cc7-4f4808b12bc2,true,https://storage.googleapis.com/kampusmerdeka_kemdikbud_go_id/mitra/mitra_b6084aa9-480c-4c7c-a5b5-968083033b7f.png,Narasio Data,2024-05-16T10:00:00Z
6659488a8dba1a49d44658f8,93219265-f0d3-11ee-b227-5a5e7a11ce1c,Data Analyst For Business,2024-08-06,2024-12-20,2024-05-13,2024-06-10,20,ONLINE,Kota Surabaya,056000,0,6efe3308-653b-4298-8cc7-4f4808b12bc2,true,https://storage.googleapis.com/kampusmerdeka_kemdikbud_go_id/mitra/mitra_b6084aa9-480c-4c7c-a5b5-968083033b7f.png,Narasio Data,2024-05-16T10:00:00Z
6659488a8dba1a49d44658f9,b8ba1a80-f0aa-11ee-b227-5a5e7a11ce1c,Data Analyst General,2024-08-06,2024-12-20,2024-05-13,2024-06-10,20,ONLINE,Kota Surabaya,056000,0,6efe3308-653b-4298-8cc7-4f4808b12bc2,true,https://storage.googleapis.com/kampusmerdeka_kemdikbud_go_id/mitra/mitra_b6084aa9-480c-4c7c-a5b5-968083033b7f.png,Narasio Data,2024-05-16T10:00:00Z
6659488a8dba1a49d44658fa,7cadaa5c-f0c9-11ee-b227-5a5e7a11ce1c,Data Analyst For Accounting,2024-08-06,2024-12-20,2024-05-13,2024-06-10,20,ONLINE,Kota Surabaya,056000,0,6efe3308-653b-4298-8cc7-4f4808b12bc2,true,https://storage.googleapis.com/kampusmerdeka_kemdikbud_go_id/mitra/mitra_b6084aa9-480c-4c7c-a5b5-968083033b7f.png,Narasio Data,2024-05-16T10:00:00Z
6659488a8dba1a49d44658fb,990d0bda-d778-11ee-8afc-de20c4ed444c,CYBERSECURITY: Skill Penting Yang Dibutuhkan Cybersecurity Engineer,2024-08-06,2024-12-20,2024-05-13,2024-06-10,20,ONLINE,Kota Yogyakarta,046000,0,a4a8f508-ec6e-4758-9ec2-abd6e38b3da1,true,https://storage.googleapis.com/kampusmerdeka_kemdikbud_go_id/mitra/mitra_9a819463-3fec-43c2-ad65-a78de78bfca0.png,Gama Multi Group,2024-05-16T09:11:00Z
6659488a8dba1a49d44658fc,1fe0fc0a-e0e6-11ee-91f1-9e7c6fd4b809,Studi Independen Bersertifikat Pengembang Gim (Game Developer),2024-08-06,2024-12-20,2024-05-13,2024-06-10,20,ONLINE,Kota Bandung,026000,0,ed4e50da-e02b-4a08-8b88-a5f0acbef5b5,true,https://storage.googleapis.com/kampusmerdeka_kemdikbud_go_id/mitra/mitra_23c70739-70c4-44ab-a94f-339bf9b865a2.jpg,Agate,2024-05-16T09:01:00Z
6659488a8dba1a49d44658fd,01033c20-f31d-11ee-b227-5a5e7a11ce1c,Android Mobile Developer In Industry 4.0 For Manufacturing Industry,2024-08-06,2024-12-20,2024-05-01,2024-07-12,20,ONLINE,Kab. Sleman,040200,0,ba16e287-a822-457d-9d45-5b2e5a47af1f,true,https://storage.googleapis.com/kampusmerdeka_kemdikbud_go_id/mitra/mitra_b693d159-3ec1-4644-b198-b107e51a3b83.png,STECHOQ,2024-05-16T09:00:00Z
6659488a8dba1a49d44658fe,0944f519-e68a-11ee-b6e9-92aef1427b7c,Meta Digital Marketer,2024-08-06,2024-12-20,2024-05-13,2024-06-10,20,ONLINE,Kota Jakarta Barat,016200,0,c8242ab7-91d7-434c-9513-31608f3ba8de,true,https://storage.googleapis.com/kampusmerdeka_kemdikbud_go_id/mitra/mitra_c8b1e316-fd67-470d-b579-c323c4d1ae42.png,MyEduSolve,2024-05-16T09:00:00Z
6659488a8dba1a49d44658ff,1efb455a-f320-11ee-b227-5a5e7a11ce1c,UI/UX Specialist In Industry 4.0 For Manufacturing Industry,2024-08-06,2024-12-20,2024-05-01,2024-07-12,20,ONLINE,Kab. Sleman,040200,0,ba16e287-a822-457d-9d45-5b2e5a47af1f,true,https://storage.googleapis.com/kampusmerdeka_kemdikbud_go_id/mitra/mitra_b693d159-3ec1-4644-b198-b107e51a3b83.png,STECHOQ,2024-05-16T09:00:00Z
6659488a8dba1a49d4465900,0b675e98-f322-11ee-b227-5a5e7a11ce1c,Hardware Engineering Specialist In Industry 4.0 For Medical Device Industry,2024-08-06,2024-12-20,2024-05-01,2024-07-12,20,ONLINE,Kab. Sleman,040200,0,ba16e287-a822-457d-9d45-5b2e5a47af1f,true,https://storage.googleapis.com/kampusmerdeka_kemdikbud_go_id/mitra/mitra_b693d159-3ec1-4644-b198-b107e51a3b83.png,STECHOQ,2024-05-16T09:00:00Z
6659488a8dba1a49d4465901,b80029cb-f325-11ee-b227-5a5e7a11ce1c,Lean Manufacturing Specialist In Industry 4.0 For Manufacturing Industry,2024-08-06,2024-12-20,2024-05-01,2024-07-12,20,ONLINE,Kab. Sleman,040200,0,ba16e287-a822-457d-9d45-5b2e5a47af1f,true,https://storage.googleapis.com/kampusmerdeka_kemdikbud_go_id/mitra/mitra_b693d159-3ec1-4644-b198-b107e51a3b83.png,STECHOQ,2024-05-16T09:00:00Z
6659488a8dba1a49d4465902,dfa50d8f-f326-11ee-b227-5a5e7a11ce1c,3D Designing Specialist In Industry 4.0 For Creative Industries,2024-08-06,2024-12-20,2024-05-01,2024-07-12,20,ONLINE,Kab. Sleman,040200,0,ba16e287-a822-457d-9d45-5b2e5a47af1f,true,https://storage.googleapis.com/kampusmerdeka_kemdikbud_go_id/mitra/mitra_b693d159-3ec1-4644-b198-b107e51a3b83.png,STECHOQ,2024-05-16T09:00:00Z
6659488a8dba1a49d4465903,8c0fa78a-f31b-11ee-b227-5a5e7a11ce1c,Artificial Intelligence In Industry 4.0 For Medical Device Industry,2024-08-06,2024-12-20,2024-05-01,2024-07-12,20,ONLINE,Kab. Sleman,040200,0,ba16e287-a822-457d-9d45-5b2e5a47af1f,true,https://storage.googleapis.com/kampusmerdeka_kemdikbud_go_id/mitra/mitra_b693d159-3ec1-4644-b198-b107e51a3b83.png,STECHOQ,2024-05-16T09:00:00Z
6659488a8dba1a49d4465904,510699b1-f324-11ee-b227-5a5e7a11ce1c,Mechanical Engineering Specialist In Industry 4.0 For Manufacturing Industry,2024-08-06,2024-12-20,2024-05-01,2024-07-12,20,ONLINE,Kab. Sleman,040200,0,ba16e287-a822-457d-9d45-5b2e5a47af1f,true,https://storage.googleapis.com/kampusmerdeka_kemdikbud_go_id/mitra/mitra_b693d159-3ec1-4644-b198-b107e51a3b83.png,STECHOQ,2024-05-16T09:00:00Z
6659488a8dba1a49d4465905,a079e19c-f31e-11ee-b227-5a5e7a11ce1c,Full-Stack Specialist In Industry 4.0 For Manufacturing Industry,2024-08-06,2024-12-20,2024-05-01,2024-07-12,20,ONLINE,Kab. Sleman,040200,0,ba16e287-a822-457d-9d45-5b2e5a47af1f,true,https://storage.googleapis.com/kampusmerdeka_kemdikbud_go_id/mitra/mitra_b693d159-3ec1-4644-b198-b107e51a3b83.png,STECHOQ,2024-05-16T09:00:00Z
6659488a8dba1a49d4465906,cc7ee8b4-e682-11ee-b6e9-92aef1427b7c,Data Analyst,2024-08-06,2024-12-20,2024-05-13,2024-06-10,20,ONLINE,Kota Jakarta Barat,016200,0,c8242ab7-91d7-434c-9513-31608f3ba8de,true,https://storage.googleapis.com/kampusmerdeka_kemdikbud_go_id/mitra/mitra_c8b1e316-fd67-470d-b579-c323c4d1ae42.png,MyEduSolve,2024-05-16T09:00:00Z
6659488a8dba1a49d4465907,685924a3-e68c-11ee-b6e9-92aef1427b7c,UI/UX Designer,2024-08-06,2024-12-20,2024-05-13,2024-06-10,20,ONLINE,Kota Jakarta Barat,016200,0,c8242ab7-91d7-434c-9513-31608f3ba8de,true,https://storage.googleapis.com/kampusmerdeka_kemdikbud_go_id/mitra/mitra_c8b1e316-fd67-470d-b579-c323c4d1ae42.png,MyEduSolve,2024-05-16T09:00:00Z
6659488a8dba1a49d4465908,283fcca5-e5a7-11ee-be9f-1a40d0052568,Mobile Application Development (Flutter),2024-08-06,2024-12-20,2024-05-16,2024-07-12,20,ONLINE,Kota Jakarta Selatan,016300,0,8cc1b038-c87f-467c-8215-4da00832f90b,true,https://storage.googleapis.com/kampusmerdeka_kemdikbud_go_id/mitra/mitra_ebd245c6-6577-4cc5-845b-c8a61d386d5a.jpg,LearningX,2024-05-16T08:08:00Z
6659488a8dba1a49d4465909,b4c3b819-e5a1-11ee-be9f-1a40d0052568,Full Stack Web Development,2024-08-06,2024-12-20,2024-05-16,2024-07-12,20,ONLINE,Kota Jakarta Selatan,016300,0,8cc1b038-c87f-467c-8215-4da00832f90b,true,https://storage.googleapis.com/kampusmerdeka_kemdikbud_go_id/mitra/mitra_ebd245c6-6577-4cc5-845b-c8a61d386d5a.jpg,LearningX,2024-05-16T08:08:00Z
6659488a8dba1a49d446590a,fcafbf51-02e5-11ef-8ad6-764062c2ca38,Data Engineer With SQL Approach,2024-08-06,2024-12-20,2024-04-16,2024-06-10,20,ONLINE,Kota Jakarta Barat,016200,0,88c462bc-fe40-410a-9d2a-5264c0f50950,true,https://storage.googleapis.com/kampusmerdeka_kemdikbud_go_id/mitra/mitra_1f813afe-a2cc-4a94-805e-109cba5a6a5d.png,Metrodata Academy,2024-05-15T23:22:00Z
6659488a8dba1a49d446590b,3f9e7419-02d9-11ef-8ad6-764062c2ca38,Cyber Force - BLUE Team,2024-08-06,2024-12-20,2024-04-16,2024-06-10,20,ONLINE,Kota Jakarta Barat,016200,0,88c462bc-fe40-410a-9d2a-5264c0f50950,true,https://storage.googleapis.com/kampusmerdeka_kemdikbud_go_id/mitra/mitra_1f813afe-a2cc-4a94-805e-109cba5a6a5d.png,Metrodata Academy,2024-05-15T23:22:00Z
6659488a8dba1a49d446590c,eff5719e-02e8-11ef-8ad6-764062c2ca38,Full-Stack Java Developer,2024-08-06,2024-12-20,2024-04-16,2024-06-10,20,ONLINE,Kota Jakarta Barat,016200,0,88c462bc-fe40-410a-9d2a-5264c0f50950,true,https://storage.googleapis.com/kampusmerdeka_kemdikbud_go_id/mitra/mitra_1f813afe-a2cc-4a94-805e-109cba5a6a5d.png,Metrodata Academy,2024-05-15T23:22:00Z
6659488a8dba1a49d446590d,849167de-02dc-11ef-8ad6-764062c2ca38,Cyber Force - RED Team,2024-08-06,2024-12-20,2024-04-16,2024-06-10,20,ONLINE,Kota Jakarta Barat,016200,0,88c462bc-fe40-410a-9d2a-5264c0f50950,true,https://storage.googleapis.com/kampusmerdeka_kemdikbud_go_id/mitra/mitra_1f813afe-a2cc-4a94-805e-109cba5a6a5d.png,Metrodata Academy,2024-05-15T23:22:00Z
6659488a8dba1a49d446590e,dd745d79-02e1-11ef-8ad6-764062c2ca38,Data Analytic With Business Intelligence Tools,2024-08-06,2024-12-20,2024-04-16,2024-06-10,20,ONLINE,Kota Jakarta Barat,016200,0,88c462bc-fe40-410a-9d2a-5264c0f50950,true,https://storage.googleapis.com/kampusmerdeka_kemdikbud_go_id/mitra/mitra_1f813afe-a2cc-4a94-805e-109cba5a6a5d.png,Metrodata Academy,2024-05-15T23:22:00Z
6659488a8dba1a49d446590f,c36a5923-022e-11ef-8ad6-764062c2ca38,Bitlabs Future Tech Talent - Data Analytics For Business,2024-08-06,2024-12-20,2024-05-13,2024-06-10,20,ONLINE,Online,,0,271cf8aa-1d47-4faf-ab4a-55e55f1f2b7a,true,https://storage.googleapis.com/kampusmerdeka_kemdikbud_go_id/mitra/mitra_8a82efd2-5b46-482d-991b-c139b8bd0e0b.png,Bitlabs Academy,2024-05-15T22:33:00Z
6659488a8dba1a49d4465910,e971ddb3-ddf2-11ee-91f1-9e7c6fd4b809,Certified Solidwork CAM (CSWP-CAM): Manufacturing Engineering Learning Path,2024-08-06,2024-12-20,2024-05-13,2024-06-10,20,ONLINE,Kota Bandung,026000,0,51eebb91-c684-4d2c-a4bb-b1784a3be41a,true,https://storage.googleapis.com/kampusmerdeka_kemdikbud_go_id/mitra/mitra_7396fc52-95a3-4676-a7cb-c0b1edcf5d01.png,dr. Mekanik Academy,2024-05-15T21:37:00Z
6659488a8dba1a49d4465911,b454b67c-ddf2-11ee-91f1-9e7c6fd4b809,Certified Solidwork Mold Making (CSWPA-MM): Design Engineering Learning Path,2024-08-06,2024-12-20,2024-05-13,2024-06-10,20,ONLINE,Kota Bandung,026000,0,51eebb91-c684-4d2c-a4bb-b1784a3be41a,true,https://storage.googleapis.com/kampusmerdeka_kemdikbud_go_id/mitra/mitra_7396fc52-95a3-4676-a7cb-c0b1edcf5d01.png,dr. Mekanik Academy,2024-05-15T21:37:00Z
6659488a8dba1a49d4465912,9e3aa9b5-ddf3-11ee-91f1-9e7c6fd4b809,Certified Certnexus IOT Assosiate: Internet Of Things Learning Path,2024-08-06,2024-12-20,2024-05-13,2024-06-10,20,ONLINE,Kota Bandung,026000,0,51eebb91-c684-4d2c-a4bb-b1784a3be41a,true,https://storage.googleapis.com/kampusmerdeka_kemdikbud_go_id/mitra/mitra_7396fc52-95a3-4676-a7cb-c0b1edcf5d01.png,dr. Mekanik Academy,2024-05-15T21:37:00Z
6659488a8dba1a49d4465913,0c7674fd-ddf3-11ee-91f1-9e7c6fd4b809,Certified Solidwork CAE Simulation (CSWA-S): Engineering Learning Path,2024-08-06,2024-12-20,2024-05-13,2024-06-10,20,ONLINE,Kota Bandung,026000,0,51eebb91-c684-4d2c-a4bb-b1784a3be41a,true,https://storage.googleapis.com/kampusmerdeka_kemdikbud_go_id/mitra/mitra_7396fc52-95a3-4676-a7cb-c0b1edcf5d01.png,dr. Mekanik Academy,2024-05-15T21:37:00Z
6659488a8dba1a49d4465914,b1afa2b2-effe-11ee-b227-5a5e7a11ce1c,Fullstack Software Development,2024-08-06,2024-12-20,2024-05-13,2024-06-10,20,ONLINE,Online,,0,bba6171a-8b3d-4829-b1d9-2226978ee8b8,true,https://storage.googleapis.com/kampusmerdeka_kemdikbud_go_id/mitra/mitra_8d844607-ecf9-42e4-a5e8-79d6e3ac27c8.png,Productzilla Academy,2024-05-15T21:00:00Z
6659488a8dba1a49d4465915,8f103bb1-fcd1-11ee-8f25-123aa03a4ccc,RevoU Tech Academy - Data Analytics And GenAI,2024-08-06,2024-12-20,2024-05-13,2024-06-10,20,ONLINE,Kota Jakarta Selatan,016300,0,6a3605e0-c7c1-428e-8b4c-9368b3f7dbb1,true,https://storage.googleapis.com/kampusmerdeka_kemdikbud_go_id/mitra/mitra_6cd71e6c-9e7c-4146-8ffd-e1a3b18af955.png,RevoU,2024-05-15T21:00:00Z
6659488a8dba1a49d4465916,b3520380-f24b-11ee-b227-5a5e7a11ce1c,AI & Machine Learning,2024-08-06,2024-12-20,2024-05-13,2024-06-10,20,ONLINE,Online,,0,bba6171a-8b3d-4829-b1d9-2226978ee8b8,true,https://storage.googleapis.com/kampusmerdeka_kemdikbud_go_id/mitra/mitra_8d844607-ecf9-42e4-a5e8-79d6e3ac27c8.png,Productzilla Academy,2024-05-15T21:00:00Z
6659488a8dba1a49d4465917,f5c33225-effe-11ee-b227-5a5e7a11ce1c,Digital Mastery: A Journey Through Modern Marketing,2024-08-06,2024-12-20,2024-05-13,2024-06-10,20,ONLINE,Online,,0,bba6171a-8b3d-4829-b1d9-2226978ee8b8,true,https://storage.googleapis.com/kampusmerdeka_kemdikbud_go_id/mitra/mitra_8d844607-ecf9-42e4-a5e8-79d6e3ac27c8.png,Productzilla Academy,2024-05-15T21:00:00Z
6659488a8dba1a49d4465918,e49afd4b-fcd3-11ee-8f25-123aa03a4ccc,AWS Cendekiawan - Cloud And Gen AI Machine Learning By RevoU,2024-08-06,2024-12-20,2024-05-13,2024-06-10,20,ONLINE,Kota Jakarta Selatan,016300,0,6a3605e0-c7c1-428e-8b4c-9368b3f7dbb1,true,https://storage.googleapis.com/kampusmerdeka_kemdikbud_go_id/mitra/mitra_6cd71e6c-9e7c-4146-8ffd-e1a3b18af955.png,RevoU,2024-05-15T21:00:00Z
6659488a8dba1a49d4465919,e50b4181-fd55-11ee-a017-d2c25b016c0f,Smart Branding For Sustainability Tourism,2024-08-06,2024-12-20,2024-04-16,2024-06-10,20,ONLINE,Kota Jakarta Selatan,016300,0,1d463f4f-bcd8-4125-87a9-e0c00f5328dc,true,https://storage.googleapis.com/kampusmerdeka_kemdikbud_go_id/mitra/mitra_53530d4e-b597-4989-ba93-d03aeb8da921.png,Citiasia Inc.,2024-05-15T20:48:00Z
6659488a8dba1a49d446591a,09fb6eab-f24a-11ee-b227-5a5e7a11ce1c,QHSE SPECIALIST ( Ahli K3 Umum),2024-08-06,2024-12-20,2024-05-13,2024-06-10,20,ONLINE,Kota Bandung,026000,0,baf2ca47-35cb-4416-98f0-a9990598a314,true,https://storage.googleapis.com/kampusmerdeka_kemdikbud_go_id/mitra/mitra_4b22144f-d55b-48c8-b72f-827482b1930a.png,AGAVINOVATION: Agriculture &  Food Tech. R&D  company,2024-05-15T20:30:00Z
6659488a8dba1a49d446591b,3be2ea57-f19f-11ee-b227-5a5e7a11ce1c,FOOD SAFETY SPECIALIST,2024-08-06,2024-12-20,2024-05-13,2024-06-10,20,ONLINE,Kota Bandung,026000,0,baf2ca47-35cb-4416-98f0-a9990598a314,true,https://storage.googleapis.com/kampusmerdeka_kemdikbud_go_id/mitra/mitra_4b22144f-d55b-48c8-b72f-827482b1930a.png,AGAVINOVATION: Agriculture &  Food Tech. R&D  company,2024-05-15T20:30:00Z
6659488a8dba1a49d446591c,46ba00ed-f19a-11ee-b227-5a5e7a11ce1c,FUTURE FOOD RESEARCH & DEVELOPMENT,2024-08-06,2024-12-20,2024-05-13,2024-06-10,20,ONLINE,Kota Bandung,026000,0,baf2ca47-35cb-4416-98f0-a9990598a314,true,https://storage.googleapis.com/kampusmerdeka_kemdikbud_go_id/mitra/mitra_4b22144f-d55b-48c8-b72f-827482b1930a.png,AGAVINOVATION: Agriculture &  Food Tech. R&D  company,2024-05-15T20:30:00Z
6659488a8dba1a49d446591d,82e7e792-e4e2-11ee-be9f-1a40d0052568,Internet Of Things (IoT) Untuk Smart Farming,2024-08-06,2024-12-31,2024-04-16,2024-06-10,20,ONLINE,Kota Malang,056100,0,816872e8-bfc3-48ae-a3ea-f7c8018a9afe,true,https://storage.googleapis.com/kampusmerdeka_kemdikbud_go_id/mitra/mitra_5b49ac6c-35f1-4aba-a575-44683b6128f6.png,Arkatama,2024-05-15T20:30:00Z
6659488a8dba1a49d446591e,fb89c939-e4e2-11ee-be9f-1a40d0052568, Pemrograman Web E-commerce,2024-08-06,2024-12-31,2024-04-16,2024-06-10,20,ONLINE,Kota Malang,056100,0,816872e8-bfc3-48ae-a3ea-f7c8018a9afe,true,https://storage.googleapis.com/kampusmerdeka_kemdikbud_go_id/mitra/mitra_5b49ac6c-35f1-4aba-a575-44683b6128f6.png,Arkatama,2024-05-15T20:30:00Z
6659488a8dba1a49d446591f,f5612021-e4e1-11ee-be9f-1a40d0052568,Digital Marketing Untuk Bisnis,2024-08-06,2024-12-31,2024-04-16,2024-06-10,20,ONLINE,Kota Malang,056100,0,816872e8-bfc3-48ae-a3ea-f7c8018a9afe,true,https://storage.googleapis.com/kampusmerdeka_kemdikbud_go_id/mitra/mitra_5b49ac6c-35f1-4aba-a575-44683b6128f6.png,Arkatama,2024-05-15T20:30:00Z
6659488a8dba1a49d4465920,77918e21-facc-11ee-b227-5a5e7a11ce1c,Full Stack Web Development,2024-08-06,2024-12-20,2024-05-15,2024-06-10,20,ONLINE,Kota Jakarta Selatan,016300,0,77cde2f6-fa33-4932-8847-83b3414b1877,true,https://storage.googleapis.com/kampusmerdeka_kemdikbud_go_id/mitra/mitra_47596fd8-2b46-4ad8-8a00-392d7c8107a2.png,VOCASIA,2024-05-15T20:25:00Z
6659488a8dba1a49d4465921,96e5475f-facf-11ee-b227-5a5e7a11ce1c,Alibaba Cloud Academy Certification: Full Stack Cloud Engineer,2024-08-06,2024-12-20,2024-05-15,2024-06-10,20,ONLINE,Kota Jakarta Selatan,016300,0,77cde2f6-fa33-4932-8847-83b3414b1877,true,https://storage.googleapis.com/kampusmerdeka_kemdikbud_go_id/mitra/mitra_47596fd8-2b46-4ad8-8a00-392d7c8107a2.png,VOCASIA,2024-05-15T20:25:00Z
6659488a8dba1a49d4465922,0be37b14-d6b6-11ee-8afc-de20c4ed444c,Studi Independen Global Digital Talent Entrepreneur,2024-07-01,2024-12-31,2024-03-01,2024-06-30,20,ONLINE,Kota Tangerang,286100,0,54d86ad6-09b2-43e3-9305-57afc539ebc3,true,https://storage.googleapis.com/kampusmerdeka_kemdikbud_go_id/mitra/mitra_d522fb46-8aa3-4772-a4b1-06bd125a9cd9.png,GETI,2024-05-15T20:20:00Z
6659488a8dba1a49d4465923,9bdbbe67-e66f-11ee-be9f-1a40d0052568,"Bangkit Academy 2024 By Google, GoTo, Tokopedia, Traveloka - Android Learning Path",2024-08-06,2024-12-20,2024-05-13,2024-06-10,20,ONLINE,Kota Bandung,026000,0,5bdeace0-0e53-4f72-ba4b-0ee9b1779f56,true,https://storage.googleapis.com/kampusmerdeka_kemdikbud_go_id/mitra/mitra_e7e4d54b-6688-45e9-96a6-1a2e04be63a0.png,Dicoding Indonesia,2024-05-15T19:45:00Z
6659488a8dba1a49d4465924,4c24a88f-e693-11ee-b6e9-92aef1427b7c,"Bangkit Academy 2024 By Google, GoTo, Tokopedia, Traveloka - Machine Learning Learning Path",2024-08-06,2024-12-20,2024-05-13,2024-06-10,20,ONLINE,Kota Bandung,026000,0,5bdeace0-0e53-4f72-ba4b-0ee9b1779f56,true,https://storage.googleapis.com/kampusmerdeka_kemdikbud_go_id/mitra/mitra_e7e4d54b-6688-45e9-96a6-1a2e04be63a0.png,Dicoding Indonesia,2024-05-15T19:45:00Z
6659488a8dba1a49d4465925,5d40fda1-e673-11ee-be9f-1a40d0052568,"Bangkit Academy 2024 By Google, GoTo, Tokopedia, Traveloka - Cloud Computing Learning Path",2024-08-06,2024-12-20,2024-05-13,2024-06-10,20,ONLINE,Kota Bandung,026000,0,5bdeace0-0e53-4f72-ba4b-0ee9b1779f56,true,https://storage.googleapis.com/kampusmerdeka_kemdikbud_go_id/mitra/mitra_e7e4d54b-6688-45e9-96a6-1a2e04be63a0.png,Dicoding Indonesia,2024-05-15T19:45:00Z
6659488a8dba1a49d4465926,67f7ad93-eff1-11ee-b227-5a5e7a11ce1c,Java & Python For Data Science With BNSP Associate Data Scientist,2024-08-06,2024-12-20,2024-05-13,2024-06-10,20,ONLINE,Kota Jakarta Barat,016200,0,4242d1b1-9961-4111-9984-f506879f337e,true,https://storage.googleapis.com/kampusmerdeka_kemdikbud_go_id/mitra/mitra_4c01fff2-2cd5-4b61-9aff-4222a0d97a05.png,TIA,2024-05-15T09:00:00Z
6659488a8dba1a49d4465927,d36ea3ee-fc8d-11ee-8f25-123aa03a4ccc,Studi Independen Bersertifikat Platform And Web Developer (Specialist Education Platform),2024-08-06,2024-12-20,2024-04-16,2024-06-10,20,ONLINE,Kota Tangerang Selatan,286300,0,b4ceff37-a672-44e4-a8e1-7b085afdeac8,true,https://storage.googleapis.com/kampusmerdeka_kemdikbud_go_id/mitra/mitra_f2ded364-8fcf-484f-99a7-dea63c94c7e7.png,EDUCOURSE,2024-05-13T10:00:00Z
6659488a8dba1a49d4465928,653dc02d-e1cb-11ee-9466-f25bf938d708,Data Warehousing: Modeling And Optimization Techniques,2024-08-06,2024-12-20,2024-05-13,2024-06-10,20,ONLINE,Online,,0,6cf7381d-d7bb-4095-b0db-3d7e5e858e28,true,https://storage.googleapis.com/kampusmerdeka_kemdikbud_go_id/mitra/mitra_d59ec7a6-0080-4ce5-8d7c-6cea420a4766.png,Dibimbing.id,2024-05-13T09:00:00Z
6659488a8dba1a49d4465929,86bc3d23-e1d5-11ee-9466-f25bf938d708,Performance Marketing: Crafting Effective Campaigns For Audience Conversion,2024-08-06,2024-12-20,2024-05-13,2024-06-10,20,ONLINE,Online,,0,6cf7381d-d7bb-4095-b0db-3d7e5e858e28,true,https://storage.googleapis.com/kampusmerdeka_kemdikbud_go_id/mitra/mitra_d59ec7a6-0080-4ce5-8d7c-6cea420a4766.png,Dibimbing.id,2024-05-13T09:00:00Z
6659488a8dba1a49d446592a,1dc01afa-e1d3-11ee-9466-f25bf938d708,Business Intelligence: Unleashing The Power Of Data For Better Decision-Making,2024-08-06,2024-12-20,2024-05-13,2024-06-10,20,ONLINE,Online,,0,6cf7381d-d7bb-4095-b0db-3d7e5e858e28,true,https://storage.googleapis.com/kampusmerdeka_kemdikbud_go_id/mitra/mitra_d59ec7a6-0080-4ce5-8d7c-6cea420a4766.png,Dibimbing.id,2024-05-13T09:00:00Z
6659488a8dba1a49d446592b,c7bddb72-fbae-11ee-ac8e-123aa03a4ccc,Studi Independen Bersertifikat Platform And Web Developer For Financial/Banking Service,2024-08-06,2024-12-20,2024-04-16,2024-06-10,20,ONLINE,Kota Bandung,026000,0,b6767a45-6de9-4f4b-bc15-c3c758bae53e,true,https://storage.googleapis.com/kampusmerdeka_kemdikbud_go_id/mitra/mitra_913818b4-b2e2-4e1a-b3bc-34a9ec0a0054.png,Halofina,2024-05-13T09:00:00Z
6659488a8dba1a49d446592c,456f71fc-e676-11ee-be9f-1a40d0052568,Rapid UI/UX Design  Bootcamp,2024-08-06,2024-12-20,2024-05-13,2024-06-10,20,ONLINE,Kota Jakarta Selatan,016300,0,bdcc694e-3ade-4e41-8755-df90f4e8729f,true,https://storage.googleapis.com/kampusmerdeka_kemdikbud_go_id/mitra/mitra_42e26897-a518-4f30-b24d-8a1d72ca43df.png,Maxy Academy,2024-05-13T08:34:00Z
6659488a8dba1a49d446592d,bb5ebdee-e67c-11ee-b6e9-92aef1427b7c,Rapid Digital Marketing Bootcamp,2024-08-06,2024-12-20,2024-05-13,2024-06-10,20,ONLINE,Kota Jakarta Selatan,016300,0,bdcc694e-3ade-4e41-8755-df90f4e8729f,true,https://storage.googleapis.com/kampusmerdeka_kemdikbud_go_id/mitra/mitra_42e26897-a518-4f30-b24d-8a1d72ca43df.png,Maxy Academy,2024-05-13T08:34:00Z
6659488a8dba1a49d446592e,79bc7eed-e657-11ee-be9f-1a40d0052568,Rapid Application Backend Bootcamp ,2024-08-06,2024-12-20,2024-05-13,2024-06-10,20,ONLINE,Kota Jakarta Selatan,016300,0,bdcc694e-3ade-4e41-8755-df90f4e8729f,true,https://storage.googleapis.com/kampusmerdeka_kemdikbud_go_id/mitra/mitra_42e26897-a518-4f30-b24d-8a1d72ca43df.png,Maxy Academy,2024-05-13T08:34:00Z
6659488a8dba1a49d446592f,c48ad4a3-e671-11ee-be9f-1a40d0052568,Rapid Frontend Development Bootcamp,2024-08-06,2024-12-20,2024-05-13,2024-06-10,20,ONLINE,Kota Jakarta Selatan,016300,0,bdcc694e-3ade-4e41-8755-df90f4e8729f,true,https://storage.googleapis.com/kampusmerdeka_kemdikbud_go_id/mitra/mitra_42e26897-a518-4f30-b24d-8a1d72ca43df.png,Maxy Academy,2024-05-13T08:34:00Z
6659488a8dba1a49d4465930,595f1c2d-f4a7-11ee-b227-5a5e7a11ce1c,Microcredential Game Developer,2024-08-06,2024-12-20,2024-05-13,2024-06-10,20,ONLINE,Kota Jakarta Selatan,016300,0,28e1ca16-eef8-47e9-a2f2-999f531b88fd,true,https://storage.googleapis.com/kampusmerdeka_kemdikbud_go_id/mitra/mitra_4d37b1d0-f6f1-4edb-9ceb-ab933230d003.png,Mitra Edukasi Pratama,2024-05-13T08:03:00Z
6659488a8dba1a49d4465931,85e4210f-e512-11ee-be9f-1a40d0052568,Internet Of Things (IoT) Development For Smart Industry,2024-08-06,2024-12-20,2024-05-13,2024-06-10,20,ONLINE,Kota Jakarta Selatan,016300,0,b9199abd-ff0b-48b4-b537-e9dd5d28e03e,true,https://storage.googleapis.com/kampusmerdeka_kemdikbud_go_id/mitra/mitra_e967de51-a979-4049-8014-dae4b05d318a.png,MySkill,2024-05-13T08:00:00Z
6659488a8dba1a49d4465932,ebad9e00-e519-11ee-be9f-1a40d0052568,Non-Fungible Token (NFT) Development In Web3 Era,2024-08-06,2024-12-20,2024-05-13,2024-06-10,20,ONLINE,Kota Jakarta Selatan,016300,0,b9199abd-ff0b-48b4-b537-e9dd5d28e03e,true,https://storage.googleapis.com/kampusmerdeka_kemdikbud_go_id/mitra/mitra_e967de51-a979-4049-8014-dae4b05d318a.png,MySkill,2024-05-13T08:00:00Z
6659488a8dba1a49d4465933,e56b26ee-f720-11ee-b227-5a5e7a11ce1c,Fullstack Application Developer,2024-08-06,2024-12-20,2024-05-13,2024-06-10,20,ONLINE,Kota Jakarta Barat,016200,0,4f29112a-f0fd-4eb4-8c5e-958a98bd1ce0,true,https://storage.googleapis.com/kampusmerdeka_kemdikbud_go_id/mitra/mitra_531a7642-37bf-448c-b2e8-1f394489b124.png,Course-Net Indonesia ,2024-05-13T00:00:00Z
6659488a8dba1a49d4465934,49508320-f720-11ee-b227-5a5e7a11ce1c,Data Science For Business Development,2024-08-06,2024-12-20,2024-05-13,2024-06-10,20,ONLINE,Kota Jakarta Barat,016200,0,4f29112a-f0fd-4eb4-8c5e-958a98bd1ce0,true,https://storage.googleapis.com/kampusmerdeka_kemdikbud_go_id/mitra/mitra_531a7642-37bf-448c-b2e8-1f394489b124.png,Course-Net Indonesia ,2024-05-13T00:00:00Z
6659488a8dba1a49d4465935,49f29605-face-11ee-b227-5a5e7a11ce1c,IT Network & Infrastructure Specialist,2024-08-06,2024-12-20,2024-05-13,2024-06-10,20,ONLINE,Kota Jakarta Barat,016200,0,4f29112a-f0fd-4eb4-8c5e-958a98bd1ce0,true,https://storage.googleapis.com/kampusmerdeka_kemdikbud_go_id/mitra/mitra_531a7642-37bf-448c-b2e8-1f394489b124.png,Course-Net Indonesia ,2024-05-13T00:00:00Z
6659488a8dba1a49d4465936,9ae01e40-ecaf-11ee-b227-5a5e7a11ce1c,Copywriting For Entry Level Content Strategist,2024-08-06,2024-12-20,2024-05-13,2024-06-10,20,ONLINE,Kota Jakarta Selatan,016300,0,64d74c62-e8cb-49c5-ae74-ebc985b7f8b3,true,https://storage.googleapis.com/kampusmerdeka_kemdikbud_go_id/mitra/mitra_986674db-9c2d-4667-bad0-b3c2793f7fa8.png,Digital Skola,2024-05-13T00:00:00Z
6659488a8dba1a49d4465937,f3ba5326-ecac-11ee-b227-5a5e7a11ce1c,QA Engineer For Entry Level,2024-08-06,2024-12-20,2024-05-13,2024-06-10,20,ONLINE,Kota Jakarta Selatan,016300,0,64d74c62-e8cb-49c5-ae74-ebc985b7f8b3,true,https://storage.googleapis.com/kampusmerdeka_kemdikbud_go_id/mitra/mitra_986674db-9c2d-4667-bad0-b3c2793f7fa8.png,Digital Skola,2024-05-13T00:00:00Z
6659488a8dba1a49d4465938,a6ae5a5c-ecaa-11ee-b227-5a5e7a11ce1c,Data Engineer For Entry Level,2024-08-06,2024-12-20,2024-05-13,2024-06-10,20,ONLINE,Kota Jakarta Selatan,016300,0,64d74c62-e8cb-49c5-ae74-ebc985b7f8b3,true,https://storage.googleapis.com/kampusmerdeka_kemdikbud_go_id/mitra/mitra_986674db-9c2d-4667-bad0-b3c2793f7fa8.png,Digital Skola,2024-05-13T00:00:00Z
6659488a8dba1a49d4465939,42b6d8cc-f8bc-11ee-b227-5a5e7a11ce1c,International Software Engineering Diploma - Python Web Developer ,2024-08-06,2024-12-20,2024-04-16,2024-06-10,20,ONLINE,Kota Jakarta Selatan,016300,0,d53ac471-f4d4-4b0e-a89d-cac84552ad40,true,https://storage.googleapis.com/kampusmerdeka_kemdikbud_go_id/mitra/mitra_6694e379-b21f-4a9d-bd60-c9f59d5ce4e2.jpg,Software University (SoftUni) Indonesia,2024-05-13T00:00:00Z
6659488a8dba1a49d446593a,0dff783a-facd-11ee-b227-5a5e7a11ce1c,Cyber Security Specialist,2024-08-06,2024-12-20,2024-05-13,2024-06-10,20,ONLINE,Kota Jakarta Barat,016200,0,4f29112a-f0fd-4eb4-8c5e-958a98bd1ce0,true,https://storage.googleapis.com/kampusmerdeka_kemdikbud_go_id/mitra/mitra_531a7642-37bf-448c-b2e8-1f394489b124.png,Course-Net Indonesia ,2024-05-13T00:00:00Z
6659488a8dba1a49d446593b,0dff7be0-fd38-11ee-8f25-123aa03a4ccc,Certified Digital Data Science & Public Relation Practitioner,2024-08-06,2024-12-20,2024-05-13,2024-06-10,20,ONLINE,Kota Jakarta Barat,016200,0,e4986dd4-d09a-4646-a0d2-7b76eeca28b8,true,https://storage.googleapis.com/kampusmerdeka_kemdikbud_go_id/mitra/mitra_bb344f9b-162e-4dcd-a25c-48c948dac16c.png,CERTROVA COACHING &amp; TRAINING,2024-05-13T00:00:00Z
